(1,'David Aardsma','David','Aardsma','R',31,'NYM',39.2,64,3.9,20.2,10.7,8.4,39,0.51,0.63,62,28,10.0,9,37,2,5),
(2,'Fernando Abad','Fernando','Abad','L',27,'WSN',37.2,39,1.8,19.3,6.0,5.4,21,0.67,0.56,72,24,5.5,25,26,0,0),
(3,'Alfredo Aceves','Alfredo','Aceves','R',30,'BOS',37.0,36,4.7,14.2,13.0,11.2,45,0.92,1.32,68,23,14.3,11,42,4,10),
(4,'Mike Adams','Mike','Adams','R',34,'PHI',25.0,63,4.7,21.5,10.3,7.5,35,1.15,1.63,63,15,20.8,27,17,2,12),
(5,'Jeremy Affeldt','Jeremy','Affeldt','L',34,'SFG',33.2,45,1.4,14.4,11.6,4.1,22,1.20,1.63,67,25,4.8,7,29,3,10),
(6,'Andrew Albers','Andrew','Albers','L',27,'MIN',60.0,25,2.4,10.0,2.8,7.6,30,0.79,1.09,83,21,6.0,15,47,8,17),
(7,'Matt Albers','Matt','Albers','R',30,'CLE',63.0,56,0.8,13.4,8.8,4.2,19,1.84,2.60,76,21,3.0,4,57,9,16),
(8,'Al Alburquerque','Al','Alburquerque','R',27,'DET',49.0,58,2.3,31.8,15.5,5.5,31,0.68,0.93,50,27,8.8,16,46,3,7),
(9,'Cody Allen','Cody','Allen','R',24,'CLE',70.1,55,2.3,29.2,8.6,7.3,36,0.46,0.54,58,26,6.6,14,54,2,4),
(10,'Henderson Alvarez','Henderson','Alvarez','R',23,'MIA',102.2,50,0.5,13.6,6.5,7.7,36,1.15,1.61,78,23,1.5,9,69,11,16),
(11,'Jose Alvarez','Jose','Alvarez','L',24,'DET',38.2,31,4.1,18.0,9.3,10.5,43,0.68,1.18,66,23,10.9,10,28,4,14),
(12,'Hector Ambriz','Hector','Ambriz','R',29,'HOU',36.1,61,4.7,15.8,8.2,9.4,32,0.86,1.38,71,20,13.1,12,37,6,16),
(13,'Steve Ames','Steve','Ames','R',25,'MIA',4.0,58,0.0,21.1,10.5,5.3,17,1.40,3.00,63,23,0.0,0,3,1,33),
(14,'Brett Anderson','Brett','Anderson','L',25,'OAK',44.2,26,2.5,23.0,10.5,7.5,29,1.64,3.05,64,17,10.6,6,46,6,13),
(15,'Chris Archer','Chris','Archer','R',24,'TBR',128.2,40,2.9,19.2,7.2,6.5,32,0.90,1.10,69,22,8.6,12,72,11,15),
(16,'Jake Arrieta','Jake','Arrieta','R',27,'TOT',75.1,48,2.8,18.5,12.7,8.3,46,0.70,0.98,64,23,8.4,14,55,5,9),
(17,'Jake Arrieta','Jake','Arrieta','R',27,'BAL',23.2,43,1.8,20.7,15.3,9.0,40,0.50,0.88,60,28,4.9,11,23,3,13),
(18,'Jake Arrieta','Jake','Arrieta','R',27,'CHC',51.2,51,3.3,17.4,11.3,8.0,50,0.82,1.02,66,21,10.6,16,32,2,6),
(19,'Bronson Arroyo','Bronson','Arroyo','R',36,'CIN',202.0,49,3.9,15.1,4.1,9.1,38,0.84,1.11,76,27,10.2,11,125,13,10),
(20,'Jairo Asencio','Jairo','Asencio','R',30,'BAL',2.1,67,8.3,33.3,16.7,16.7,67,2.00,NULL,42,33,50.0,0,4,0,0),
(21,'Scott Atchison','Scott','Atchison','R',37,'NYM',45.1,63,2.1,14.4,6.2,4.6,20,0.92,1.12,76,21,5.5,6,35,1,3),
(22,'Phillippe Aumont','Phillippe','Aumont','R',24,'PHI',19.1,63,0.0,20.0,13.7,6.3,25,0.97,2.17,63,35,0.0,0,28,3,11),
(23,'Luis Avilan','Luis','Avilan','L',23,'ATL',65.0,45,0.4,14.8,8.6,3.1,20,1.39,1.63,74,19,1.4,13,38,4,11),
(24,'Dylan Axelrod','Dylan','Axelrod','R',27,'CHW',128.1,39,4.1,12.5,7.3,9.6,33,0.70,0.81,75,23,10.1,13,116,11,9),
(25,'John Axford','John','Axford','R',30,'TOT',65.0,55,3.5,22.5,9.0,6.9,27,0.86,1.17,63,27,10.3,5,50,4,8),
(26,'John Axford','John','Axford','R',30,'MIL',54.2,53,4.1,22.0,9.4,7.4,29,0.82,1.08,63,28,11.9,6,44,2,5),
(27,'John Axford','John','Axford','R',30,'STL',10.1,66,0.0,25.0,6.8,4.6,18,1.15,1.86,64,24,0.0,0,6,2,33),
(28,'Luis Ayala','Luis','Ayala','R',35,'TOT',33.0,64,1.4,15.4,9.1,5.6,21,1.40,2.45,73,21,5.3,16,30,7,23),
(29,'Luis Ayala','Luis','Ayala','R',35,'BAL',2.0,60,10.0,20.0,0.0,20.0,50,1.00,NULL,70,38,25.0,0,1,0,0),
(30,'Luis Ayala','Luis','Ayala','R',35,'ATL',31.0,65,0.8,15.0,9.8,4.5,18,1.44,2.27,74,20,2.9,17,29,7,24),
(31,'Burke Badenhop','Burke','Badenhop','R',30,'MIL',62.1,64,2.4,16.5,4.7,6.3,26,1.16,1.69,74,19,7.8,13,51,7,14),
(32,'Andrew Bailey','Andrew','Bailey','R',29,'BOS',28.2,47,6.0,33.6,10.3,8.6,44,0.37,0.59,49,22,18.4,17,27,3,11),
(33,'Homer Bailey','Homer','Bailey','R',27,'CIN',209.0,50,2.4,23.4,6.4,7.2,34,0.88,1.11,66,26,7.5,13,126,17,13),
(34,'Scott Baker','Scott','Baker','R',31,'CHC',15.0,61,5.3,10.5,7.0,10.5,67,0.39,0.46,75,11,10.0,9,6,0,0),
(35,'Grant Balfour','Grant','Balfour','R',35,'OAK',62.2,47,2.7,27.5,10.3,5.0,27,0.64,0.73,59,24,8.4,15,53,2,4),
(36,'Daniel Bard','Daniel','Bard','R',28,'BOS',1.0,33,0.0,16.7,33.3,0.0,0,0.50,1.00,50,33,0.0,0,1,0,0),
(37,'Scott Barnes','Scott','Barnes','L',25,'CLE',8.2,47,7.9,26.3,7.9,13.2,63,0.77,1.29,53,26,23.1,0,5,0,0),
(38,'Anthony Bass','Anthony','Bass','R',25,'SDP',42.0,53,2.1,16.1,10.4,8.8,33,0.87,1.26,71,27,6.2,13,44,4,9),
(39,'Antonio Bastardo','Antonio','Bastardo','L',27,'PHI',42.2,39,1.1,26.3,11.7,6.2,33,0.48,0.61,58,18,3.6,23,35,4,11),
(40,'Trevor Bauer','Trevor','Bauer','R',22,'CLE',17.0,51,3.7,13.6,19.8,8.6,47,0.55,0.56,62,21,10.7,15,21,0,0),
(41,'Brandon Beachy','Brandon','Beachy','R',26,'ATL',30.0,57,4.2,19.2,3.3,10.0,44,0.71,0.86,72,16,10.6,10,16,0,0),
(42,'Pedro Beato','Pedro','Beato','R',26,'BOS',10.0,54,2.2,10.9,4.4,4.4,17,0.41,0.20,80,24,4.3,15,5,0,0),
(43,'Blake Beavan','Blake','Beavan','R',24,'SEA',39.2,56,4.6,15.5,4.6,8.6,33,0.64,0.82,74,21,11.0,12,26,1,4),
(44,'Josh Beckett','Josh','Beckett','R',33,'LAD',43.1,50,4.1,21.0,7.7,10.3,40,0.66,1.02,64,24,10.7,6,35,2,6),
(45,'Erik Bedard','Erik','Bedard','L',34,'HOU',151.0,24,2.7,20.8,11.3,8.1,36,0.59,0.74,64,20,8.5,21,149,15,10),
(46,'Mike Belfiore','Mike','Belfiore','L',24,'BAL',1.1,14,28.6,0.0,14.3,28.6,67,0.50,3.00,57,17,66.7,25,1,1,100),
(47,'Ronald Belisario','Ronald','Belisario','R',30,'LAD',68.0,67,1.0,16.3,9.3,6.3,26,1.62,2.40,71,22,3.9,7,63,9,14),
(48,'Matt Belisle','Matt','Belisle','R',33,'COL',73.0,60,2.0,20.6,5.0,8.3,33,0.95,1.66,72,30,5.8,8,52,8,15),
(49,'Jeff Beliveau','Jeff','Beliveau','L',26,'TBR',0.2,75,0.0,0.0,25.0,25.0,100,0.50,1.00,75,33,0.0,0,0,0,""),
(50,'Heath Bell','Heath','Bell','R',35,'ARI',65.2,60,4.2,25.1,5.6,9.8,38,0.77,1.00,63,25,12.8,14,60,5,8),
(51,'Duane Below','Duane','Below','L',27,'MIA',2.2,40,0.0,13.3,13.3,6.7,17,0.57,1.50,73,27,0.0,14,4,0,0),
(52,'Joaquin Benoit','Joaquin','Benoit','R',35,'DET',67.0,43,1.9,27.6,8.3,6.0,34,0.73,1.05,60,20,6.4,17,40,3,8),
(53,'Dellin Betances','Dellin','Betances','R',25,'NYY',5.0,69,3.9,38.5,7.7,7.7,22,0.56,0.25,50,36,12.5,11,5,0,0),
(54,'Rafael Betancourt','Rafael','Betancourt','R',38,'COL',28.2,55,1.6,22.0,8.9,7.3,35,0.52,0.64,65,19,4.4,17,22,0,0),
(55,'Chad Bettis','Chad','Bettis','R',24,'COL',44.2,48,2.9,14.4,9.6,9.1,35,0.90,1.30,71,24,8.6,13,54,2,4),
(56,'Chad Billingsley','Chad','Billingsley','R',28,'LAD',12.0,39,2.0,12.2,10.2,6.1,25,0.71,1.31,71,26,5.6,14,13,3,23),
(57,'Vic Black','Vic','Black','R',25,'TOT',17.0,58,1.3,19.7,7.9,6.6,29,0.43,0.54,68,25,3.2,16,16,1,6),
(58,'Vic Black','Vic','Black','R',25,'PIT',4.0,67,0.0,14.3,9.5,9.5,33,0.88,1.25,71,20,0.0,0,6,0,0),
(59,'Vic Black','Vic','Black','R',25,'NYM',13.0,55,1.8,21.8,7.3,5.5,27,0.31,0.40,67,26,4.3,21,10,1,10),
(60,'Travis Blackley','Travis','Blackley','L',30,'TOT',50.1,38,5.7,19.0,10.4,8.5,39,0.82,1.12,64,22,18.5,18,38,6,16),
(61,'Travis Blackley','Travis','Blackley','L',30,'HOU',35.0,43,6.6,19.1,13.2,8.6,43,0.75,1.00,60,21,20.8,14,27,3,11),
(62,'Travis Blackley','Travis','Blackley','L',30,'TEX',15.1,25,3.4,18.6,3.4,8.5,31,1.00,1.43,75,26,11.8,26,11,3,27),
(63,'Joe Blanton','Joe','Blanton','R',32,'LAA',132.2,45,4.8,17.7,5.6,11.3,38,0.79,1.16,71,26,12.3,7,114,9,8),
(64,'Michael Blazek','Michael','Blazek','R',24,'TOT',17.1,57,3.6,16.7,15.5,6.0,31,0.77,0.65,62,14,12.5,23,24,0,0),
(65,'Michael Blazek','Michael','Blazek','R',24,'STL',10.1,60,3.9,19.2,19.2,5.8,30,0.94,0.91,56,13,14.3,13,14,0,0),
(66,'Michael Blazek','Michael','Blazek','R',24,'MIL',7.0,53,3.1,12.5,9.4,6.3,33,0.60,0.42,72,16,10.0,33,10,0,0),
(67,'Jerry Blevins','Jerry','Blevins','L',29,'OAK',60.0,44,2.9,21.2,6.9,7.4,38,0.45,0.63,66,25,7.8,21,48,3,6),
(68,'Mitchell Boggs','Mitchell','Boggs','R',29,'TOT',23.1,53,4.2,13.3,16.7,9.2,39,1.19,1.84,62,25,15.6,11,32,4,13),
(69,'Mitchell Boggs','Mitchell','Boggs','R',29,'STL',14.2,46,3.7,13.4,18.3,7.3,29,1.00,1.75,60,28,13.0,12,26,3,12),
(70,'Mitchell Boggs','Mitchell','Boggs','R',29,'COL',8.2,66,5.3,13.2,13.2,13.2,71,1.70,2.00,66,19,22.2,10,6,1,17),
(71,'Jeremy Bonderman','Jeremy','Bonderman','R',30,'TOT',55.0,44,2.9,13.0,11.0,11.0,47,0.74,0.98,72,26,7.3,9,41,6,15),
(72,'Jeremy Bonderman','Jeremy','Bonderman','R',30,'SEA',38.1,39,2.4,9.4,10.0,11.2,48,0.79,0.94,77,26,6.0,11,26,3,12),
(73,'Jeremy Bonderman','Jeremy','Bonderman','R',30,'DET',16.2,54,4.0,21.1,13.2,10.5,44,0.63,1.13,61,26,10.3,3,15,3,20),
(74,'Chris Bootcheck','Chris','Bootcheck','R',34,'NYY',1.0,57,0.0,14.3,28.6,0.0,0,1.00,1.00,57,25,0.0,50,2,0,0),
(75,'Buddy Boshers','Buddy','Boshers','L',25,'LAA',15.1,59,0.0,20.6,12.7,4.8,23,0.78,1.14,65,27,0.0,13,11,2,18),
(76,'Michael Bowden','Michael','Bowden','R',26,'CHC',37.2,53,1.9,14.6,9.5,8.2,41,0.46,0.66,70,28,4.9,20,31,3,10),
(77,'Brad Boxberger','Brad','Boxberger','R',25,'SDP',22.0,60,3.2,25.5,13.8,6.4,32,0.79,1.05,54,19,11.5,10,23,2,9),
(78,'Brad Brach','Brad','Brach','R',27,'SDP',31.0,52,2.1,22.0,13.5,6.4,25,0.64,0.79,62,22,6.3,13,32,3,9),
(79,'Ryan Brasier','Ryan','Brasier','R',25,'LAA',9.0,57,2.9,20.0,11.4,2.9,14,0.60,0.46,66,25,7.7,13,7,1,14),
(80,'Craig Breslow','Craig','Breslow','L',32,'BOS',59.2,43,1.3,13.9,7.6,8.0,39,0.81,1.01,76,21,3.6,17,44,7,16),
(81,'Charles Brewer','Charles','Brewer','R',25,'ARI',6.0,67,0.0,18.5,7.4,7.4,25,0.82,1.60,74,25,0.0,18,5,1,20),
(82,'Drake Britton','Drake','Britton','L',24,'BOS',21.0,51,1.2,20.2,8.3,6.0,24,0.88,1.05,70,25,3.7,16,26,3,12),
(83,'Zach Britton','Zach','Britton','L',25,'BAL',40.0,30,2.2,9.9,9.3,6.6,23,1.38,1.73,77,22,7.3,8,39,6,15),
(84,'Rex Brothers','Rex','Brothers','L',25,'COL',67.1,31,1.8,27.1,12.8,5.0,28,0.98,1.24,58,21,6.9,14,47,8,17),
(85,'Jonathan Broxton','Jonathan','Broxton','R',29,'CIN',30.2,56,3.0,18.8,9.0,6.8,33,0.86,1.06,65,24,8.9,8,28,3,11),
(86,'Clay Buchholz','Clay','Buchholz','R',28,'BOS',108.1,44,1.0,23.1,8.7,4.8,27,0.92,1.37,67,21,3.1,11,79,14,18),
(87,'Billy Buckner','Billy','Buckner','R',29,'LAA',17.1,45,6.9,9.6,9.6,11.0,47,0.54,0.76,71,28,14.3,5,18,3,17),
(88,'Mark Buehrle','Mark','Buehrle','L',34,'TOR',203.2,25,2.7,15.9,5.8,8.6,34,0.89,1.05,74,22,7.9,13,164,15,9),
(89,'Francisley Bueno','Francisley','Bueno','L',32,'KCR',8.1,48,0.0,16.1,6.5,3.2,25,1.10,1.86,74,17,0.0,30,9,1,11),
(90,'Madison Bumgarner','Madison','Bumgarner','L',23,'SFG',201.1,21,1.9,24.8,7.7,5.4,30,0.89,1.24,64,22,6.4,15,129,15,12),
(91,'Hiram Burgos','Hiram','Burgos','R',25,'MIL',29.1,53,3.6,13.0,7.9,10.1,37,0.69,0.71,73,13,8.9,10,29,1,3),
(92,'Greg Burke','Greg','Burke','R',30,'NYM',31.2,64,1.9,18.0,9.6,9.6,35,1.12,1.23,69,20,6.7,13,30,2,7),
(93,'A.J. Burnett','A.J.','Burnett','R',36,'PIT',191.0,51,1.4,26.1,8.4,6.1,30,1.35,1.90,62,22,5.4,3,138,13,9),
(94,'Alex Burnett','Alex','Burnett','R',25,'TOT',2.1,50,0.0,14.3,14.3,14.3,40,0.43,0.67,71,30,0.0,29,2,0,0),
(95,'Alex Burnett','Alex','Burnett','R',25,'BAL',1.1,50,0.0,20.0,20.0,20.0,50,0.20,1.00,60,50,0.0,20,1,0,0),
(96,'Alex Burnett','Alex','Burnett','R',25,'CHC',1.0,50,0.0,0.0,0.0,0.0,0,1.00,0.50,100,0,0.0,50,1,0,0),
(97,'Sean Burnett','Sean','Burnett','L',30,'LAA',9.2,40,2.5,17.5,10.0,2.5,11,1.70,2.67,65,14,11.1,10,9,2,22),
(98,'Cory Burns','Cory','Burns','R',25,'TEX',11.1,48,1.9,9.3,13.0,7.4,33,0.52,0.33,74,12,5.6,33,19,1,5),
(99,'Jared Burton','Jared','Burton','R',32,'MIN',66.0,52,2.1,21.7,7.8,7.5,34,0.75,1.03,66,19,7.1,21,46,5,11),
(100,'Dave Bush','Dave','Bush','R',33,'TOR',3.0,53,26.7,6.7,6.7,26.7,80,0.30,0.33,60,8,44.4,10,1,0,0),
(101,'Keith Butler','Keith','Butler','R',24,'STL',20.0,54,0.0,18.8,12.9,7.1,46,0.36,0.42,67,21,0.0,19,17,0,0),
(102,'Tim Byrdak','Tim','Byrdak','L',39,'NYM',4.2,57,9.5,14.3,9.5,19.1,80,0.60,0.83,67,13,33.3,40,3,0,0),
(103,'Cesar Cabral','Cesar','Cabral','L',24,'NYY',3.2,60,0.0,40.0,6.7,0.0,0,0.40,1.50,47,57,0.0,0,5,1,20),
(104,'Alberto Cabrera','Alberto','Cabrera','R',24,'CHC',6.0,70,0.0,13.3,16.7,16.7,71,0.58,0.75,67,40,0.0,8,4,1,25),
(105,'Trevor Cahill','Trevor','Cahill','R',25,'ARI',146.2,48,2.0,16.0,10.2,7.2,32,1.32,1.91,69,22,7.1,5,113,14,12),
(106,'Matt Cain','Matt','Cain','R',28,'SFG',184.1,55,3.0,20.8,7.2,7.9,38,0.61,0.81,68,25,8.2,14,118,9,8),
(107,'Arquimedes Caminero','Arquimedes','Caminero','R',26,'MIA',13.0,56,3.9,23.1,5.8,3.9,20,0.33,0.35,65,22,9.5,22,10,1,10),
(108,'Shawn Camp','Shawn','Camp','R',37,'CHC',23.0,60,6.5,12.0,8.3,12.0,38,0.95,1.00,71,16,18.9,14,25,3,12),
(109,'Carter Capps','Carter','Capps','R',22,'SEA',59.0,59,4.4,24.4,8.5,10.0,37,0.67,0.83,61,26,14.3,21,55,2,4),
(110,'Chris Capuano','Chris','Capuano','L',34,'LAD',105.2,26,2.4,17.7,5.3,9.2,34,0.87,1.30,73,22,6.5,8,78,11,14),
(111,'David Carpenter','David','Carpenter','R',27,'ATL',65.2,61,2.0,28.9,7.8,4.3,24,0.62,0.85,59,26,6.1,15,52,5,10),
(112,'David Carpenter','David','Carpenter','R',25,'LAA',0.1,80,20.0,20.0,40.0,20.0,50,1.00,NULL,20,0,100.0,0,2,0,0),
(113,'Carlos Carrasco','Carlos','Carrasco','R',26,'CLE',46.2,49,1.8,13.8,8.3,9.2,31,0.99,1.37,75,24,5.2,8,50,6,12),
(114,'Jamey Carroll','Jamey','Carroll','R',39,'MIN',1.0,0,0.0,0.0,0.0,0.0,NULL,0.50,0.50,100,33,0.0,0,0,0,""),
(115,'Robert Carson','Robert','Carson','L',24,'NYM',19.2,43,10.2,9.1,8.0,12.5,52,0.58,0.69,70,17,22.5,11,16,0,0),
(116,'Andrew Cashner','Andrew','Cashner','R',26,'SDP',175.0,50,1.7,18.1,6.7,6.8,32,1.12,1.52,72,21,5.4,9,106,13,12),
(117,'Santiago Casilla','Santiago','Casilla','R',32,'SFG',50.0,62,1.0,18.3,12.0,5.3,28,1.16,1.71,67,21,3.5,11,42,8,19),
(118,'Simon Castro','Simon','Castro','R',25,'CHW',6.2,61,3.6,21.4,10.7,3.6,20,0.31,0.44,57,22,14.3,46,11,0,0),
(119,'Brett Cecil','Brett','Cecil','L',26,'TOR',60.2,49,1.6,28.0,9.2,5.6,32,1.08,1.44,59,22,6.3,11,36,1,3),
(120,'Xavier Cedeno','Xavier','Cedeno','L',26,'TOT',12.1,52,0.0,15.0,13.3,5.0,20,1.50,2.50,67,17,0.0,19,22,4,18),
(121,'Xavier Cedeno','Xavier','Cedeno','L',26,'HOU',6.1,43,0.0,8.1,18.9,8.1,30,1.18,2.20,65,24,0.0,18,18,3,17),
(122,'Xavier Cedeno','Xavier','Cedeno','L',26,'WSN',6.0,65,0.0,26.1,4.4,0.0,0,2.20,3.00,70,6,0.0,20,4,1,25),
(123,'Jhoulys Chacin','Jhoulys','Chacin','R',25,'COL',197.1,52,1.4,15.4,7.5,7.6,33,0.91,1.32,75,27,3.8,11,165,30,18),
(124,'Joba Chamberlain','Joba','Chamberlain','R',27,'NYY',42.0,53,4.0,19.2,13.1,6.6,28,0.76,0.93,63,23,11.6,7,42,2,5),
(125,'Aroldis Chapman','Aroldis','Chapman','L',25,'CIN',63.2,22,2.7,43.4,11.2,3.9,27,0.51,0.63,41,33,11.5,19,32,2,6),
(126,'Kevin Chapman','Kevin','Chapman','L',25,'HOU',20.1,48,1.2,17.2,14.9,4.6,31,0.66,0.84,63,21,3.4,9,19,2,11),
(127,'Tyler Chatwood','Tyler','Chatwood','R',23,'COL',111.1,55,1.1,13.9,8.6,5.7,23,1.46,2.30,75,22,3.7,8,91,17,19),
(128,'Jesse Chavez','Jesse','Chavez','R',29,'OAK',57.1,45,1.2,22.2,8.1,4.8,24,0.79,0.80,65,20,4.3,23,54,1,2),
(129,'Bruce Chen','Bruce','Chen','L',36,'KCR',121.0,34,2.6,15.7,7.2,7.0,33,0.39,0.49,73,23,6.1,21,87,5,6),
(130,'Wei-Yin Chen','Wei-Yin','Chen','L',27,'BAL',137.0,24,3.0,18.2,6.8,9.3,37,0.54,0.77,71,27,7.3,15,102,18,18),
(131,'Randy Choate','Randy','Choate','L',37,'STL',35.1,70,0.0,19.9,7.8,4.3,23,2.17,2.71,70,16,0.0,7,28,6,21),
(132,'Nick Christiani','Nick','Christiani','R',25,'CIN',4.0,69,6.3,6.3,12.5,6.3,50,0.71,1.20,69,33,25.0,43,4,1,25),
(133,'Tony Cingrani','Tony','Cingrani','L',23,'CIN',104.2,26,3.3,28.6,10.2,7.9,46,0.54,0.67,56,23,10.8,20,71,7,10),
(134,'Steve Cishek','Steve','Cishek','R',27,'MIA',69.2,47,1.1,26.3,7.8,4.6,25,1.16,1.51,63,21,4.1,10,48,5,10),
(135,'Jose Cisnero','Jose','Cisnero','R',24,'HOU',43.2,52,2.5,20.7,11.1,10.1,41,0.64,0.89,65,24,6.9,11,39,2,5),
(136,'Preston Claiborne','Preston','Claiborne','R',25,'NYY',50.1,51,3.3,19.6,6.5,7.5,31,0.81,1.06,69,18,10.1,19,47,3,6),
(137,'Zach Clark','Zach','Clark','R',29,'BAL',1.2,40,0.0,10.0,20.0,10.0,33,0.75,1.00,70,29,0.0,0,3,0,0),
(138,'Paul Clemens','Paul','Clemens','R',25,'HOU',73.1,50,5.0,15.2,8.1,11.2,44,0.59,0.67,71,19,11.9,14,46,5,11),
(139,'Maikel Cleto','Maikel','Cleto','R',24,'STL',2.1,60,6.7,33.3,6.7,6.7,20,0.17,1.00,40,57,16.7,0,2,0,0),
(140,'Tyler Clippard','Tyler','Clippard','R',28,'WSN',71.0,49,3.3,26.6,8.7,4.7,35,0.40,0.39,59,21,9.8,25,41,2,5),
(141,'Tyler Cloyd','Tyler','Cloyd','R',26,'PHI',60.1,50,2.5,14.5,8.9,12.8,43,0.70,1.03,73,24,6.3,8,51,7,14),
(142,'Alex Cobb','Alex','Cobb','R',25,'TBR',143.1,39,2.3,23.2,7.8,6.4,31,1.31,1.98,66,21,8.6,10,85,15,18),
(143,'Robert Coello','Robert','Coello','R',28,'LAA',17.0,55,1.4,31.5,11.0,4.1,21,0.38,0.27,55,21,4.2,17,16,0,0),
(144,'Phil Coke','Phil','Coke','L',30,'DET',38.1,50,1.7,17.0,11.9,9.0,37,0.85,1.24,67,18,5.0,8,40,5,13),
(145,'Gerrit Cole','Gerrit','Cole','R',22,'PIT',117.1,55,1.5,21.3,6.0,4.7,20,1.01,1.60,70,26,4.6,7,88,15,17),
(146,'Louis Coleman','Louis','Coleman','R',27,'KCR',29.2,66,0.9,29.1,5.5,3.6,21,0.71,1.11,63,27,2.6,5,18,5,28),
(147,'Tim Collins','Tim','Collins','L',23,'KCR',53.1,50,1.3,22.3,12.0,6.0,29,0.64,0.81,64,22,3.8,14,55,3,5),
(148,'Josh Collmenter','Josh','Collmenter','R',27,'ARI',92.0,61,2.1,22.1,8.6,6.0,29,0.50,0.65,65,22,6.2,21,67,4,6),
(149,'Alex Colome','Alex','Colome','R',24,'TBR',16.0,46,2.8,16.9,12.7,7.0,36,0.81,1.12,66,18,8.3,11,22,3,14),
(150,'Bartolo Colon','Bartolo','Colon','R',40,'OAK',190.1,47,1.8,15.2,3.8,5.9,23,0.74,0.88,79,24,4.6,13,151,21,14),
(151,'Jose Contreras','Jose','Contreras','R',41,'PIT',5.0,50,3.6,17.9,21.4,7.1,29,1.29,2.33,57,29,14.3,0,10,0,0),
(152,'Ryan Cook','Ryan','Cook','R',26,'OAK',67.1,55,0.7,22.8,8.5,4.4,21,0.84,0.97,67,24,2.2,16,53,2,4),
(153,'Patrick Corbin','Patrick','Corbin','L',23,'ARI',208.1,22,2.2,20.7,6.3,7.4,34,0.89,1.14,69,25,6.6,10,131,10,8),
(154,'Manny Corpas','Manny','Corpas','R',30,'COL',41.2,60,2.8,16.9,9.0,7.9,35,0.81,1.35,70,25,8.1,11,32,5,16),
(155,'Kevin Correia','Kevin','Correia','R',32,'MIN',185.1,50,3.0,12.8,5.7,9.0,33,0.80,1.16,78,25,7.5,10,142,26,18),
(156,'Jarred Cosart','Jarred','Cosart','R',23,'HOU',60.0,40,1.2,13.4,14.2,4.5,24,1.23,1.82,71,21,4.1,8,56,12,21),
(157,'Neal Cotts','Neal','Cotts','L',33,'TEX',57.0,49,0.9,29.2,8.1,4.5,28,0.81,1.14,61,27,3.2,17,36,2,6),
(158,'Jesse Crain','Jesse','Crain','R',31,'CHW',36.2,49,0.0,30.3,7.2,4.0,19,0.59,0.63,61,23,0.0,22,31,1,3),
(159,'Aaron Crow','Aaron','Crow','R',26,'KCR',48.0,52,2.9,21.0,10.5,7.6,33,1.03,1.20,64,20,9.4,6,51,5,10),
(160,'Rhiner Cruz','Rhiner','Cruz','R',26,'HOU',21.1,50,2.0,10.2,11.2,7.1,28,0.48,0.39,73,23,5.4,26,27,2,7),
(161,'Johnny Cueto','Johnny','Cueto','R',27,'CIN',60.2,55,2.9,21.1,7.4,5.8,30,1.07,1.63,67,28,9.2,6,36,6,17),
(162,'Brandon Cumpton','Brandon','Cumpton','R',24,'PIT',30.2,52,0.8,17.7,4.0,3.2,15,1.19,1.19,75,21,2.6,9,19,0,0),
(163,'Matt Daley','Matt','Daley','R',31,'NYY',6.0,62,0.0,38.1,0.0,9.5,100,1.40,2.33,57,17,0.0,20,1,0,0),
(164,'John Danks','John','Danks','L',28,'CHW',138.1,27,4.8,15.3,4.6,9.6,37,0.72,0.94,74,24,11.8,11,93,9,10),
(165,'Yu Darvish','Yu','Darvish','R',26,'TEX',209.2,39,3.1,32.9,9.5,5.8,34,0.72,0.91,54,22,11.1,15,141,17,12),
(166,'Erik Davis','Erik','Davis','R',26,'WSN',8.2,61,0.0,31.6,2.6,10.5,40,1.00,1.80,63,32,0.0,8,8,0,0),
(167,'Wade Davis','Wade','Davis','R',27,'KCR',135.1,46,2.4,18.5,9.4,7.4,27,0.71,0.99,69,27,6.8,14,129,15,12),
(168,'Justin De Fratus','Justin','De Fratus','R',25,'PHI',46.2,71,1.4,20.2,12.0,5.8,27,0.82,0.94,63,26,4.9,16,58,6,10),
(169,'Dane De La Rosa','Dane','De La Rosa','R',30,'LAA',72.1,51,1.0,22.3,9.6,3.1,16,1.08,1.35,66,20,3.8,16,64,8,13),
(170,'Eury De La Rosa','Eury','De La Rosa','L',23,'ARI',14.2,47,8.1,25.8,8.1,11.3,54,0.60,1.00,56,22,25.0,20,6,0,0),
(171,'Jorge De La Rosa','Jorge','De La Rosa','L',32,'COL',167.2,19,1.5,15.7,8.7,6.9,29,0.93,1.51,72,28,4.6,10,125,19,15),
(172,'Rubby De La Rosa','Rubby','De La Rosa','R',24,'BOS',11.1,66,3.8,11.3,3.8,9.4,33,0.91,1.00,75,12,10.5,14,9,1,11),
(173,'Jose De La Torre','Jose','De La Torre','R',27,'BOS',11.1,51,3.8,28.3,18.9,9.4,50,0.93,2.00,47,19,15.4,7,12,1,8),
(174,'Jorge De Leon','Jorge','De Leon','R',25,'HOU',10.0,44,2.0,12.0,14.0,10.0,42,0.59,0.60,70,25,5.3,14,9,1,11),
(175,'Cole De Vries','Cole','De Vries','R',28,'MIN',15.0,26,7.9,15.8,11.8,15.8,55,0.34,0.43,64,24,17.6,17,4,0,0),
(176,'Sam Deduno','Sam','Deduno','R',29,'MIN',108.0,43,1.5,14.5,8.9,6.7,30,1.58,2.27,72,21,5.7,8,91,12,13),
(177,'Steve Delabar','Steve','Delabar','R',29,'TOR',58.2,53,1.6,32.4,11.5,7.1,36,0.43,0.59,53,26,4.9,15,61,3,5),
(178,'Randall Delgado','Randall','Delgado','R',23,'ARI',116.1,53,5.1,16.7,4.9,10.6,43,0.73,1.02,72,24,13.3,14,78,11,14),
(179,'Ryan Dempster','Ryan','Dempster','R',36,'BOS',171.1,45,3.5,20.8,10.5,8.6,38,0.73,0.97,64,22,10.2,12,138,16,12),
(180,'Ross Detwiler','Ross','Detwiler','L',27,'WSN',71.1,26,1.6,12.3,4.4,9.5,33,0.88,1.33,79,26,4.5,15,66,10,15),
(181,'Scott Diamond','Scott','Diamond','L',26,'MIN',131.0,27,3.7,9.0,6.3,10.2,36,0.90,1.23,81,22,8.9,7,116,15,13),
(182,'R.A. Dickey','R.A.','Dickey','R',38,'TOR',224.2,46,3.7,18.8,7.5,8.5,39,0.72,0.89,69,22,10.9,19,150,15,10),
(183,'Jake Diekman','Jake','Diekman','L',26,'PHI',38.1,42,0.6,25.0,9.8,3.1,15,1.04,1.31,63,24,2.2,6,42,4,10),
(184,'Rafael Dolis','Rafael','Dolis','R',25,'CHC',5.0,57,0.0,0.0,9.5,9.5,67,0.58,0.67,90,21,0.0,17,0,0,""),
(185,'Jose Dominguez','Jose','Dominguez','R',22,'LAD',8.1,59,0.0,10.3,7.7,2.6,9,0.58,0.75,79,26,0.0,16,11,1,9),
(186,'Sean Doolittle','Sean','Doolittle','L',26,'OAK',69.0,35,1.5,22.6,4.9,6.0,30,0.50,0.55,69,22,4.2,22,41,4,10),
(187,'Octavio Dotel','Octavio','Dotel','R',39,'DET',4.2,57,0.0,14.3,14.3,14.3,40,0.67,1.00,71,25,0.0,8,10,0,0),
(188,'Felix Doubront','Felix','Doubront','L',25,'BOS',162.1,27,1.8,19.7,10.1,7.1,31,0.88,1.13,67,19,5.9,14,139,16,12),
(189,'Darin Downs','Darin','Downs','L',28,'DET',35.1,45,2.7,24.5,7.3,9.9,42,0.92,0.94,64,19,8.5,10,33,2,6),
(190,'Scott Downs','Scott','Downs','L',37,'TOT',43.1,48,0.5,19.6,10.1,4.2,18,1.80,3.23,67,24,2.4,9,50,9,18),
(191,'Scott Downs','Scott','Downs','L',37,'LAA',29.1,45,0.8,18.0,9.0,4.9,23,1.71,3.13,69,26,3.6,10,31,7,23),
(192,'Scott Downs','Scott','Downs','L',37,'ATL',14.0,52,0.0,22.4,11.9,3.0,11,2.00,3.50,63,20,0.0,7,19,2,11),
(193,'Kyle Drabek','Kyle','Drabek','R',25,'TOR',2.1,50,7.1,21.4,14.3,7.1,25,1.00,1.00,50,25,25.0,0,5,0,0),
(194,'Brian Duensing','Brian','Duensing','L',30,'MIN',61.0,49,1.5,20.9,8.2,6.7,27,0.71,1.07,68,28,4.4,16,48,3,6),
(195,'Danny Duffy','Danny','Duffy','L',24,'KCR',24.1,27,0.0,21.2,13.5,3.9,21,0.47,0.61,64,27,0.0,4,26,2,8),
(196,'Zach Duke','Zach','Duke','L',30,'TOT',31.1,36,2.1,12.7,7.0,8.5,31,0.98,1.53,76,24,6.3,14,34,6,18),
(197,'Zach Duke','Zach','Duke','L',30,'WSN',20.2,30,2.0,10.9,7.9,9.9,32,1.14,2.00,76,20,5.9,8,25,4,16),
(198,'Zach Duke','Zach','Duke','L',30,'CIN',10.2,51,2.4,17.1,4.9,4.9,25,0.68,0.92,76,34,7.1,26,9,2,22),
(199,'Mike Dunn','Mike','Dunn','L',28,'MIA',67.2,48,1.8,25.5,9.9,5.7,30,0.69,0.71,62,20,5.6,14,49,2,4),
(200,'Jake Dunning','Jake','Dunning','R',24,'SFG',25.1,63,1.9,15.4,10.6,5.8,30,1.24,1.95,69,22,7.1,15,18,4,22),
(201,'Chad Durbin','Chad','Durbin','R',35,'PHI',16.0,64,4.9,19.8,11.1,13.6,44,0.83,1.91,64,25,13.8,3,19,1,5),
(202,'Chris Dwyer','Chris','Dwyer','L',25,'KCR',3.0,36,0.0,18.2,9.1,0.0,0,1.00,1.33,73,13,0.0,25,2,1,50),
(203,'Sam Dyson','Sam','Dyson','R',25,'MIA',11.0,57,3.7,9.3,9.3,9.3,31,2.23,2.11,74,7,18.2,15,12,1,8),
(204,'Josh Edgin','Josh','Edgin','L',26,'NYM',28.2,48,1.6,16.4,9.8,6.6,31,0.77,1.00,70,15,4.5,8,15,3,20),
(205,'Jake Elmore','Jake','Elmore','R',26,'HOU',1.0,0,0.0,0.0,0.0,0.0,NULL,2.00,2.00,100,0,0.0,0,0,0,""),
(206,'Barry Enright','Barry','Enright','R',27,'LAA',8.1,49,4.7,14.0,16.3,16.3,58,0.36,0.58,65,33,10.5,14,11,0,0),
(207,'Nathan Eovaldi','Nathan','Eovaldi','R',23,'MIA',106.1,56,1.6,17.3,8.9,6.2,28,0.80,1.04,71,23,4.5,12,84,10,12),
(208,'Cody Eppley','Cody','Eppley','R',27,'NYY',1.2,63,0.0,12.5,0.0,12.5,25,6.00,NULL,88,14,0.0,0,1,1,100),
(209,'Robbie Erlin','Robbie','Erlin','L',22,'SDP',54.2,31,2.6,17.6,6.6,7.1,30,0.61,0.72,72,24,6.6,13,32,0,0),
(210,'Edgmer Escalona','Edgmer','Escalona','R',26,'COL',46.0,58,3.9,16.6,6.8,11.2,44,0.65,0.82,71,23,9.8,12,37,2,5),
(211,'Marco Estrada','Marco','Estrada','R',29,'MIL',128.0,54,3.7,23.1,5.7,7.4,35,0.62,0.66,67,20,10.6,19,72,5,7),
(212,'Jeurys Familia','Jeurys','Familia','R',23,'NYM',10.2,65,3.9,15.4,17.3,7.7,33,1.06,1.67,60,9,15.4,19,11,1,9),
(213,'Kyle Farnsworth','Kyle','Farnsworth','R',37,'TOT',38.1,62,3.1,17.3,6.2,8.6,33,0.92,1.15,73,26,8.6,8,22,4,18),
(214,'Kyle Farnsworth','Kyle','Farnsworth','R',37,'TBR',29.2,64,3.1,14.7,5.4,9.3,32,0.92,1.16,76,25,8.2,6,19,3,16),
(215,'Kyle Farnsworth','Kyle','Farnsworth','R',37,'PIT',8.2,55,3.0,27.3,9.1,6.1,33,0.91,1.13,61,33,11.1,18,3,1,33),
(216,'Danny Farquhar','Danny','Farquhar','R',26,'SEA',55.2,48,0.9,34.7,9.7,4.4,23,0.75,1.00,54,28,3.2,14,52,5,10),
(217,'Scott Feldman','Scott','Feldman','R',30,'TOT',181.2,49,2.5,17.4,7.4,7.1,34,1.01,1.57,71,19,7.9,11,117,17,15),
(218,'Scott Feldman','Scott','Feldman','R',30,'CHC',91.0,52,2.7,17.8,6.7,6.7,32,1.03,1.42,70,18,8.5,11,61,8,13),
(219,'Scott Feldman','Scott','Feldman','R',30,'BAL',90.2,46,2.4,17.0,8.1,7.6,36,1.00,1.75,71,21,7.4,12,56,9,16),
(220,'Pedro Feliciano','Pedro','Feliciano','L',36,'NYM',11.1,75,2.0,17.7,11.8,11.8,55,0.72,1.27,65,17,6.3,11,9,1,11),
(221,'Neftali Feliz','Neftali','Feliz','R',25,'TEX',4.2,67,0.0,19.1,9.5,0.0,0,0.36,0.13,67,21,0.0,36,4,0,0),
(222,'Jose Fernandez','Jose','Fernandez','R',20,'MIA',172.2,47,1.5,27.5,8.5,4.3,26,0.85,1.07,61,22,5.0,12,111,9,8),
(223,'Josh Fields','Josh','Fields','R',27,'HOU',38.0,56,5.0,25.0,11.3,11.9,61,0.60,0.71,58,15,17.8,27,27,2,7),
(224,'Casey Fien','Casey','Fien','R',29,'MIN',62.0,59,3.7,29.9,4.9,5.7,28,0.61,0.81,60,20,12.5,24,43,3,7),
(225,'Mike Fiers','Mike','Fiers','R',28,'MIL',22.1,39,7.8,14.6,5.8,13.6,50,0.54,0.58,71,26,18.2,15,18,0,0),
(226,'Stephen Fife','Stephen','Fife','R',26,'LAD',58.1,45,2.7,17.4,7.8,7.0,26,1.04,1.56,69,26,8.9,11,60,5,8),
(227,'Alfredo Figaro','Alfredo','Figaro','R',28,'MIL',74.0,51,4.8,17.1,4.8,8.9,36,0.97,1.42,72,20,13.8,10,61,8,13),
(228,'Pedro Figueroa','Pedro','Figueroa','L',27,'OAK',3.0,39,11.1,16.7,16.7,16.7,50,1.00,5.00,56,25,33.3,0,2,0,0),
(229,'Doug Fister','Doug','Fister','R',29,'DET',208.2,44,1.6,18.1,5.0,5.7,22,1.24,1.66,73,19,5.4,10,171,26,15),
(230,'Gavin Floyd','Gavin','Floyd','R',30,'CHW',24.1,44,3.6,22.7,10.9,11.8,48,1.06,1.67,61,18,13.8,15,20,2,10),
(231,'Brian Flynn','Brian','Flynn','L',23,'MIA',18.0,22,4.6,17.1,14.8,10.2,33,0.61,1.47,61,42,12.1,8,23,4,17),
(232,'Wilmer Font','Wilmer','Font','R',23,'TEX',1.1,29,0.0,0.0,28.6,0.0,0,0.25,0.00,71,0,0.0,25,1,0,0),
(233,'Jeff Francis','Jeff','Francis','L',32,'COL',70.1,26,3.7,19.4,7.4,10.5,38,0.86,1.44,68,28,10.8,10,58,3,5),
(234,'Frank Francisco','Frank','Francisco','R',33,'NYM',6.1,62,0.0,23.1,11.5,7.7,50,0.78,0.63,62,19,0.0,33,7,1,14),
(235,'Jason Frasor','Jason','Frasor','R',35,'TEX',49.0,63,2.0,24.0,10.0,6.0,33,0.86,0.98,64,23,6.9,17,34,0,0),
(236,'Justin Freeman','Justin','Freeman','R',26,'CIN',1.0,40,20.0,0.0,0.0,40.0,100,0.67,2.00,80,40,33.3,0,0,0,""),
(237,'Sam Freeman','Sam','Freeman','L',26,'STL',12.1,44,0.0,16.0,10.0,6.0,38,0.61,0.71,72,27,0.0,13,9,2,22),
(238,'Ernesto Frieri','Ernesto','Frieri','R',27,'LAA',68.2,44,3.8,33.6,10.3,6.9,36,0.31,0.35,51,20,12.5,27,56,2,4),
(239,'Kyuji Fujikawa','Kyuji','Fujikawa','R',32,'CHC',12.0,50,2.0,28.0,4.0,10.0,46,0.94,1.20,62,19,8.3,29,9,1,11),
(240,'Sam Fuld','Sam','Fuld','L',31,'TBR',0.1,100,0.0,0.0,0.0,0.0,NULL,0.00,0.00,100,0,0.0,0,0,0,""),
(241,'Charlie Furbush','Charlie','Furbush','L',27,'SEA',65.0,46,1.8,28.6,10.4,6.4,38,0.67,0.73,58,24,6.0,13,47,1,2),
(242,'Yovani Gallardo','Yovani','Gallardo','R',27,'MIL',180.2,53,2.3,18.6,8.5,6.7,29,1.03,1.42,69,26,7.1,6,145,15,10),
(243,'Freddy Garcia','Freddy','Garcia','R',36,'TOT',80.1,49,5.4,13.9,5.1,7.6,30,0.76,1.28,74,23,14.4,15,47,9,19),
(244,'Freddy Garcia','Freddy','Garcia','R',36,'BAL',53.0,45,7.1,11.6,5.3,9.8,37,0.68,1.13,75,22,17.6,15,30,7,23),
(245,'Freddy Garcia','Freddy','Garcia','R',36,'ATL',27.1,58,1.9,18.9,4.7,2.8,13,0.95,1.70,72,27,5.9,15,17,2,12),
(246,'Jaime Garcia','Jaime','Garcia','L',26,'STL',55.1,24,2.6,18.4,6.4,8.6,35,1.75,2.70,72,15,10.2,6,38,6,16),
(247,'Luis Garcia','Luis','Garcia','R',26,'PHI',31.1,62,2.2,16.7,16.7,8.0,41,1.34,2.40,64,23,8.6,8,32,6,19),
(248,'Onelki Garcia','Onelki','Garcia','L',23,'LAD',1.1,67,11.1,11.1,44.4,11.1,100,3.00,NULL,33,0,100.0,0,2,0,0),
(249,'Jon Garland','Jon','Garland','R',33,'COL',68.0,48,3.0,10.6,7.6,11.6,41,0.93,1.77,76,24,8.3,11,46,5,11),
(250,'Matt Garza','Matt','Garza','R',29,'TOT',155.1,47,3.1,20.9,6.4,7.7,33,0.66,0.89,68,29,8.2,10,119,10,8),
(251,'Matt Garza','Matt','Garza','R',29,'CHC',71.0,47,2.7,21.2,6.8,7.2,34,0.70,0.94,67,27,7.7,12,49,6,12),
(252,'Matt Garza','Matt','Garza','R',29,'TEX',84.1,47,3.3,20.6,6.1,8.1,33,0.63,0.85,68,30,8.5,9,70,4,6),
(253,'John Gast','John','Gast','L',24,'STL',12.1,27,1.9,15.4,9.6,5.8,27,1.17,1.33,73,26,5.9,6,12,0,0),
(254,'Chad Gaudin','Chad','Gaudin','R',30,'SFG',97.0,54,1.5,21.7,9.9,6.2,31,0.64,0.75,66,23,4.3,15,67,3,4),
(255,'Kevin Gausman','Kevin','Gausman','R',22,'BAL',47.2,49,4.0,24.4,6.5,10.0,39,0.75,1.24,64,24,11.1,4,35,5,14),
(256,'Cory Gearrin','Cory','Gearrin','R',27,'ATL',31.0,65,1.5,17.3,12.0,6.0,27,1.07,1.96,65,23,5.6,14,29,7,24),
(257,'Dillon Gee','Dillon','Gee','R',27,'NYM',199.0,53,2.9,16.9,5.6,8.3,34,0.77,1.00,73,22,7.5,11,130,9,7),
(258,'Justin Germano','Justin','Germano','R',30,'TOR',2.0,58,8.3,8.3,0.0,25.0,50,0.83,1.50,83,27,25.0,33,2,0,0),
(259,'Gonzalez Germen','Gonzalez','Germen','R',25,'NYM',34.1,60,0.7,22.2,10.7,8.1,38,0.60,0.63,66,22,2.0,21,23,1,4),
(260,'Kyle Gibson','Kyle','Gibson','R',25,'MIN',51.0,40,2.9,12.2,8.4,7.6,26,1.03,1.18,74,23,8.4,8,53,4,8),
(261,'Brandon Gomes','Brandon','Gomes','R',28,'TBR',19.1,61,4.8,34.9,8.4,8.4,39,0.29,0.32,51,23,14.3,20,14,0,0),
(262,'Jeanmar Gomez','Jeanmar','Gomez','R',25,'PIT',80.2,56,1.8,15.9,8.4,4.8,25,1.28,1.82,72,21,6.2,8,66,9,14),
(263,'Alberto Gonzalez','Alberto','Gonzalez','R',30,'NYY',0.1,100,0.0,0.0,0.0,0.0,NULL,0.00,0.00,100,0,0.0,0,0,0,""),
(264,'Edgar Gonzalez','Edgar','Gonzalez','R',30,'TOT',18.0,46,6.9,12.6,9.2,10.3,35,0.40,0.68,70,31,15.0,17,23,2,9),
(265,'Edgar Gonzalez','Edgar','Gonzalez','R',30,'TOR',8.0,39,5.3,7.9,13.2,10.5,44,0.53,0.75,71,21,13.3,21,11,0,0),
(266,'Edgar Gonzalez','Edgar','Gonzalez','R',30,'HOU',10.0,51,8.2,16.3,6.1,10.2,29,0.31,0.62,69,39,16.0,14,12,2,17),
(267,'Gio Gonzalez','Gio','Gonzalez','L',27,'WSN',195.2,22,2.1,23.4,9.3,7.6,37,0.76,1.02,64,25,6.4,12,133,14,11),
(268,'Miguel Gonzalez','Miguel','Gonzalez','R',29,'BAL',171.1,50,3.4,16.9,7.4,8.3,38,0.66,0.87,71,21,9.1,16,117,15,13),
(269,'Mike Gonzalez','Mike','Gonzalez','L',35,'MIL',50.0,50,4.3,25.5,10.6,9.4,38,0.51,0.48,58,26,12.0,11,31,0,0),
(270,'Tom Gorzelanny','Tom','Gorzelanny','L',30,'MIL',85.1,32,3.1,23.3,8.7,6.7,31,0.79,1.21,64,23,9.6,13,54,9,17),
(271,'Sonny Gray','Sonny','Gray','R',23,'OAK',64.0,41,1.5,25.7,7.7,4.6,24,1.10,1.70,65,26,5.2,7,51,4,8),
(272,'Luke Gregerson','Luke','Gregerson','R',29,'SDP',66.1,51,1.1,23.9,6.7,5.6,31,0.83,1.13,65,23,3.7,15,39,0,0),
(273,'Kevin Gregg','Kevin','Gregg','R',35,'CHC',62.0,54,2.2,20.8,11.9,6.7,34,0.58,0.71,63,29,6.0,10,46,3,7),
(274,'Zack Greinke','Zack','Greinke','R',29,'LAD',177.2,52,1.8,20.6,6.4,7.0,33,0.87,1.34,68,26,5.7,14,120,13,11),
(275,'A.J. Griffin','A.J.','Griffin','R',25,'OAK',200.0,45,4.4,20.8,6.6,8.0,39,0.47,0.60,67,23,11.3,19,142,8,6),
(276,'Jason Grilli','Jason','Grilli','R',36,'PIT',50.0,52,2.0,36.6,6.4,5.5,28,0.53,0.57,54,26,7.1,23,27,2,7),
(277,'Justin Grimm','Justin','Grimm','R',24,'TOT',98.0,46,3.4,17.2,7.7,10.2,38,0.77,1.07,70,23,9.3,12,86,6,7),
(278,'Justin Grimm','Justin','Grimm','R',24,'TEX',89.0,44,3.7,16.8,7.6,10.8,38,0.80,1.16,71,24,9.9,10,78,6,8),
(279,'Justin Grimm','Justin','Grimm','R',24,'CHC',9.0,67,0.0,22.2,8.3,2.8,25,0.47,0.46,61,17,0.0,33,8,0,0),
(280,'Javy Guerra','Javy','Guerra','R',27,'LAD',10.2,58,1.8,21.8,10.9,5.5,20,0.64,0.54,64,36,5.0,9,19,0,0),
(281,'Matt Guerrier','Matt','Guerrier','R',34,'TOT',42.2,61,1.7,16.6,9.4,6.6,28,0.78,1.00,71,22,4.8,14,29,5,17),
(282,'Matt Guerrier','Matt','Guerrier','R',34,'LAD',30.0,65,2.3,16.2,9.2,6.9,28,0.79,0.94,70,21,6.7,13,23,3,13),
(283,'Matt Guerrier','Matt','Guerrier','R',34,'CHC',12.2,51,0.0,17.7,9.8,5.9,27,0.76,1.15,73,24,0.0,14,6,2,33),
(284,'Preston Guilmet','Preston','Guilmet','R',25,'CLE',5.1,36,0.0,3.6,10.7,10.7,38,0.60,0.50,86,29,0.0,13,12,0,0),
(285,'Jeremy Guthrie','Jeremy','Guthrie','R',34,'KCR',211.2,43,3.3,12.3,6.5,8.0,31,0.77,1.03,77,22,8.6,13,175,17,10),
(286,'J.C. Gutierrez','J.C.','Gutierrez','R',29,'TOT',55.1,47,2.1,19.1,8.5,4.7,20,0.71,0.74,69,24,5.6,10,56,6,11),
(287,'J.C. Gutierrez','J.C.','Gutierrez','R',29,'KCR',29.1,47,1.7,14.2,6.7,4.2,17,0.71,0.77,77,23,4.2,13,29,4,14),
(288,'J.C. Gutierrez','J.C.','Gutierrez','R',29,'LAA',26.0,47,2.6,24.1,10.3,5.2,23,0.70,0.70,62,24,7.3,7,27,2,7),
(289,'Nick Hagadone','Nick','Hagadone','L',27,'CLE',31.1,51,3.0,22.6,15.8,6.0,33,0.60,0.80,57,20,10.0,20,29,4,14),
(290,'David Hale','David','Hale','R',25,'ATL',11.0,54,0.0,30.4,2.2,6.5,27,1.50,1.71,67,23,0.0,8,10,0,0),
(291,'Roy Halladay','Roy','Halladay','R',36,'PHI',62.0,53,4.3,18.1,12.8,8.2,42,0.74,0.94,60,25,14.0,17,44,1,2),
(292,'Cole Hamels','Cole','Hamels','L',29,'PHI',220.0,23,2.3,22.3,5.5,9.5,42,0.77,1.10,68,24,6.8,13,138,15,11),
(293,'Jason Hammel','Jason','Hammel','R',30,'BAL',139.1,41,3.6,15.7,7.9,8.8,35,0.71,1.01,71,23,9.6,13,108,15,14),
(294,'Brad Hand','Brad','Hand','L',23,'MIA',20.2,33,2.4,18.3,9.8,6.1,39,0.71,1.14,70,22,6.7,14,13,1,8),
(295,'Donovan Hand','Donovan','Hand','R',27,'MIL',68.1,51,3.5,12.9,7.3,7.0,28,0.96,1.59,74,22,10.4,14,61,12,20),
(296,'Joel Hanrahan','Joel','Hanrahan','R',31,'BOS',7.1,43,10.8,13.5,16.2,13.5,50,0.56,0.89,57,8,36.4,31,7,1,14),
(297,'Tommy Hanson','Tommy','Hanson','R',26,'LAA',73.0,44,3.1,17.1,9.2,8.3,33,0.48,0.55,70,25,7.8,19,54,3,6),
(298,'J.A. Happ','J.A.','Happ','L',30,'TOR',92.2,28,2.4,18.6,10.8,8.0,36,0.58,0.65,67,20,6.8,18,66,5,8),
(299,'Aaron Harang','Aaron','Harang','R',35,'TOT',143.1,47,4.2,18.1,6.4,9.9,41,0.57,0.67,70,25,9.9,11,107,4,4),
(300,'Aaron Harang','Aaron','Harang','R',35,'SEA',120.1,46,4.0,16.5,5.3,10.5,41,0.59,0.69,73,25,9.4,11,88,3,3),
(301,'Aaron Harang','Aaron','Harang','R',35,'NYM',23.0,55,5.0,26.0,12.0,7.0,35,0.44,0.56,56,25,13.2,7,19,1,5),
(302,'Dan Haren','Dan','Haren','R',32,'WSN',169.2,55,3.9,21.1,4.3,9.3,37,0.59,0.71,69,26,9.9,12,108,8,7),
(303,'Lucas Harrell','Lucas','Harrell','R',28,'HOU',153.2,46,2.8,12.6,12.5,7.6,31,1.10,1.69,70,21,9.5,14,143,23,16),
(304,'Will Harris','Will','Harris','R',28,'ARI',52.2,61,1.4,24.4,6.9,6.0,26,0.95,1.39,66,27,4.6,13,52,6,12),
(305,'Josh Harrison','Josh','Harrison','R',25,'PIT',0.1,0,0.0,0.0,0.0,0.0,NULL,0.00,0.00,100,0,0.0,0,0,0,""),
(306,'Matt Harrison','Matt','Harrison','L',27,'TEX',10.2,24,3.9,23.5,13.7,9.8,36,0.82,1.11,59,25,13.3,12,9,0,0),
(307,'Matt Harvey','Matt','Harvey','R',24,'NYM',178.1,50,1.0,27.7,4.5,4.2,22,0.94,1.17,66,19,3.6,16,115,13,11),
(308,'Chris Hatcher','Chris','Hatcher','R',28,'MIA',8.2,64,2.3,15.9,9.1,13.6,46,0.55,0.90,73,30,5.9,15,12,0,0),
(309,'LaTroy Hawkins','LaTroy','Hawkins','R',40,'NYM',70.2,59,2.1,19.1,3.5,5.2,21,0.99,1.58,74,24,6.4,14,56,9,16),
(310,'Deunte Heath','Deunte','Heath','R',27,'CHW',7.2,39,4.9,7.3,29.3,12.2,63,0.67,1.22,59,15,13.3,0,9,2,22),
(311,'Jeremy Hefner','Jeremy','Hefner','R',27,'NYM',130.2,55,3.6,17.8,6.7,9.0,38,0.83,1.01,71,22,10.2,12,106,10,9),
(312,'Jeremy Hellickson','Jeremy','Hellickson','R',26,'TBR',174.0,45,3.3,18.3,6.8,8.7,35,0.69,0.81,71,23,8.6,14,126,15,12),
(313,'Johnny Hellweg','Johnny','Hellweg','R',24,'MIL',30.2,46,1.9,5.6,16.1,4.9,20,1.32,2.15,70,24,6.5,8,53,7,13),
(314,'Heath Hembree','Heath','Hembree','R',24,'SFG',7.2,72,0.0,41.4,6.9,3.5,25,1.14,2.00,52,13,0.0,0,3,1,33),
(315,'Jim Henderson','Jim','Henderson','R',30,'MIL',60.0,51,3.2,30.4,9.7,6.1,34,0.39,0.47,55,32,8.8,13,38,1,3),
(316,'Liam Hendriks','Liam','Hendriks','R',24,'MIN',47.1,44,4.5,15.2,6.3,9.8,33,0.60,0.74,73,26,10.6,13,49,3,6),
(317,'Sean Henn','Sean','Henn','L',32,'NYM',2.2,46,7.7,7.7,23.1,7.7,33,0.50,1.33,62,44,20.0,17,4,1,25),
(318,'David Hernandez','David','Hernandez','R',28,'ARI',62.1,52,3.8,25.1,9.1,8.8,46,0.47,0.64,60,22,10.6,16,50,3,6),
(319,'Felix Hernandez','Felix','Hernandez','R',27,'SEA',204.1,46,1.8,26.3,5.6,6.7,30,1.09,1.61,65,23,6.4,10,147,24,16),
(320,'Pedro Hernandez','Pedro','Hernandez','L',24,'MIN',56.2,24,3.8,11.0,8.8,11.0,36,0.67,0.94,76,21,8.7,8,51,5,10),
(321,'Roberto Hernandez','Roberto','Hernandez','R',32,'TBR',151.0,45,3.7,17.6,5.9,8.6,34,1.21,1.92,70,21,12.3,8,105,17,16),
(322,'Kelvin Herrera','Kelvin','Herrera','R',23,'KCR',58.1,49,3.7,30.2,8.6,9.4,48,0.93,1.30,57,24,14.3,17,35,1,3),
(323,'Rich Hill','Rich','Hill','L',33,'CLE',38.2,58,1.7,28.0,15.9,3.3,16,0.75,0.85,53,21,6.3,14,50,1,2),
(324,'Luke Hochevar','Luke','Hochevar','R',29,'KCR',70.1,47,3.1,31.3,6.5,6.1,39,0.55,0.79,58,23,9.9,21,35,4,11),
(325,'Derek Holland','Derek','Holland','L',26,'TEX',213.0,21,2.2,21.1,7.2,7.9,34,0.71,0.88,68,25,6.3,13,167,21,13),
(326,'Greg Holland','Greg','Holland','R',27,'KCR',67.0,44,1.2,40.4,7.1,4.3,28,0.65,0.83,51,28,4.2,10,47,4,9),
(327,'David Holmberg','David','Holmberg','L',21,'ARI',3.2,25,0.0,0.0,15.0,10.0,33,0.33,0.38,85,24,0.0,8,8,0,0),
(328,'J.J. Hoover','J.J.','Hoover','R',25,'CIN',66.0,62,2.2,24.9,9.7,7.4,43,0.47,0.57,61,27,6.4,18,38,3,8),
(329,'Jeremy Horst','Jeremy','Horst','L',27,'PHI',26.0,42,3.3,17.1,9.8,7.3,26,0.59,0.68,67,16,9.1,19,27,4,15),
(330,'J.P. Howell','J.P.','Howell','L',30,'LAD',62.0,49,0.8,22.0,9.4,4.1,24,1.44,1.83,67,15,3.4,15,45,8,18),
(331,'Tim Hudson','Tim','Hudson','R',37,'ATL',131.1,49,1.9,17.8,6.7,6.6,29,1.26,1.73,72,19,6.6,13,96,15,16),
(332,'David Huff','David','Huff','L',28,'TOT',37.2,36,4.6,20.5,6.0,9.9,46,0.70,0.93,68,18,13.0,16,29,3,10),
(333,'David Huff','David','Huff','L',28,'CLE',3.0,53,0.0,33.3,6.7,0.0,0,2.00,NULL,60,33,0.0,0,7,1,14),
(334,'David Huff','David','Huff','L',28,'NYY',34.2,35,5.2,19.1,5.9,11.0,58,0.64,0.86,68,17,13.7,16,22,2,9),
(335,'Jared Hughes','Jared','Hughes','R',27,'PIT',32.0,59,1.4,15.5,10.8,6.8,27,1.27,2.09,70,21,5.1,13,27,2,7),
(336,'Phil Hughes','Phil','Hughes','R',27,'NYY',145.2,44,3.7,18.9,6.5,10.1,38,0.45,0.52,70,24,8.5,12,123,10,8),
(337,'Philip Humber','Philip','Humber','R',30,'HOU',54.2,45,3.5,13.9,7.7,13.5,47,0.82,1.19,73,24,9.1,8,48,4,8),
(338,'Tommy Hunter','Tommy','Hunter','R',26,'BAL',86.1,47,3.3,20.2,4.2,6.0,28,0.67,0.91,71,20,8.4,13,61,9,15),
(339,'Colt Hynes','Colt','Hynes','L',28,'SDP',17.0,45,3.6,15.5,10.7,9.5,32,0.91,0.73,69,23,10.7,13,26,1,4),
(340,'Phil Irwin','Phil','Irwin','R',26,'PIT',4.2,61,0.0,17.4,17.4,4.4,17,1.80,2.33,65,13,0.0,20,6,1,17),
(341,'Hisashi Iwakuma','Hisashi','Iwakuma','R',32,'SEA',219.2,45,2.9,21.4,4.9,8.0,39,0.97,1.29,70,21,8.8,10,113,18,16),
(342,'Edwin Jackson','Edwin','Jackson','R',29,'CHC',175.1,54,2.1,17.4,7.6,9.0,36,1.08,1.63,71,22,6.3,7,118,12,10),
(343,'Kenley Jansen','Kenley','Jansen','R',25,'LAD',76.2,59,2.1,38.0,6.2,4.5,27,0.63,0.76,53,22,7.0,11,41,5,12),
(344,'Casey Janssen','Casey','Janssen','R',31,'TOR',52.2,38,1.4,23.8,6.2,5.7,31,0.92,1.26,68,22,4.5,9,36,3,8),
(345,'Jeremy Jeffress','Jeremy','Jeffress','R',25,'TOR',10.1,58,2.3,27.9,11.6,2.3,13,2.25,5.33,58,19,12.5,0,7,2,29),
(346,'Chad Jenkins','Chad','Jenkins','R',25,'TOR',33.1,43,2.3,11.4,4.6,13.6,58,0.84,1.30,80,24,5.5,5,20,5,25),
(347,'Dan Jennings','Dan','Jennings','L',26,'MIA',40.2,54,0.6,22.2,9.4,8.2,36,0.95,1.34,68,22,1.9,10,33,4,12),
(348,'Kevin Jepsen','Kevin','Jepsen','R',28,'LAA',36.0,52,1.8,22.0,8.5,8.5,34,0.68,1.00,65,23,5.4,14,23,1,4),
(349,'Cesar Jimenez','Cesar','Jimenez','L',28,'PHI',17.0,41,1.3,14.5,13.2,6.6,36,0.63,0.74,68,19,3.7,16,17,0,0),
(350,'Ubaldo Jimenez','Ubaldo','Jimenez','R',29,'CLE',182.2,47,2.1,25.0,10.3,6.8,33,0.79,1.09,62,24,6.8,14,131,12,9),
(351,'Erik Johnson','Erik','Johnson','R',23,'CHW',27.2,38,3.9,14.1,8.6,7.8,31,0.90,0.86,73,18,10.4,6,21,2,10),
(352,'Jim Johnson','Jim','Johnson','R',30,'BAL',70.1,47,1.7,19.2,6.2,4.8,19,1.38,2.50,70,21,6.5,10,75,17,23),
(353,'Josh Johnson','Josh','Johnson','R',29,'TOR',81.1,41,3.9,21.6,7.8,8.1,30,0.90,1.08,65,24,12.1,11,78,4,5),
(354,'Kris Johnson','Kris','Johnson','L',28,'PIT',10.1,37,0.0,19.6,8.7,6.5,25,0.88,1.63,70,22,0.0,6,15,1,7),
(355,'Rob Johnson','Rob','Johnson','R',30,'STL',0.1,0,0.0,100.0,0.0,0.0,NULL,NULL,NULL,0,NULL,NULL,NULL,0,0,""),
(356,'Steve Johnson','Steve','Johnson','R',25,'BAL',15.2,42,2.7,27.4,17.8,11.0,57,0.34,0.50,52,28,10.0,31,9,1,11),
(357,'Nate Jones','Nate','Jones','R',27,'CHW',78.0,56,1.6,28.3,8.3,5.4,25,1.06,1.33,61,22,6.2,15,63,9,14),
(358,'Taylor Jordan','Taylor','Jordan','R',24,'WSN',51.2,56,1.4,13.2,5.0,4.1,15,1.32,1.93,78,24,4.3,8,55,10,18),
(359,'Donnie Joseph','Donnie','Joseph','L',25,'KCR',5.2,40,0.0,28.0,16.0,4.0,25,0.44,0.67,52,21,0.0,0,3,0,0),
(360,'Jair Jurrjens','Jair','Jurrjens','R',27,'BAL',7.1,42,3.2,19.4,3.2,25.8,89,0.33,0.78,74,33,6.7,17,1,1,100),
(361,'Nate Karns','Nate','Karns','R',25,'WSN',12.0,48,8.2,18.0,9.8,13.1,47,0.56,0.79,61,40,21.7,15,12,0,0),
(362,'Scott Kazmir','Scott','Kazmir','L',29,'CLE',158.0,26,2.8,24.1,7.0,8.3,35,0.71,0.96,65,27,8.4,15,112,14,13),
(363,'Shawn Kelley','Shawn','Kelley','R',29,'NYY',53.1,58,3.5,31.3,10.1,9.3,45,0.51,0.54,55,22,10.4,13,47,1,2),
(364,'Joe Kelly','Joe','Kelly','R',25,'STL',124.0,56,1.9,14.9,8.3,5.8,25,1.05,1.56,74,24,5.7,9,104,17,16),
(365,'Kyle Kendrick','Kyle','Kendrick','R',28,'PHI',182.0,55,2.3,13.8,5.9,6.9,27,1.00,1.30,76,21,6.9,15,167,12,7),
(366,'Ian Kennedy','Ian','Kennedy','R',28,'TOT',181.1,53,3.4,20.5,9.2,9.2,41,0.62,0.88,64,26,9.6,14,141,12,9),
(367,'Ian Kennedy','Ian','Kennedy','R',28,'ARI',124.0,53,3.3,19.7,8.7,9.5,41,0.57,0.81,65,27,8.8,13,101,8,8),
(368,'Ian Kennedy','Ian','Kennedy','R',28,'SDP',57.1,52,3.7,22.5,10.2,8.6,40,0.75,1.04,63,23,11.5,15,40,4,10),
(369,'Logan Kensing','Logan','Kensing','R',30,'COL',0.2,50,0.0,50.0,50.0,0.0,NULL,NULL,NULL,0,NULL,NULL,NULL,0,0,""),
(370,'Clayton Kershaw','Clayton','Kershaw','L',25,'LAD',236.0,19,1.2,25.6,5.7,4.9,27,0.92,1.21,66,23,4.1,16,134,20,15),
(371,'Dallas Keuchel','Dallas','Keuchel','L',25,'HOU',153.2,24,2.9,18.0,7.6,8.1,30,1.32,2.17,70,22,10.2,8,127,21,17),
(372,'Mike Kickham','Mike','Kickham','L',24,'SFG',28.1,34,5.6,20.1,6.9,15.3,48,0.81,1.33,66,34,15.7,11,28,1,4),
(373,'Craig Kimbrel','Craig','Kimbrel','R',25,'ATL',67.0,49,1.6,38.0,7.8,4.3,28,0.90,1.08,52,24,6.8,17,48,3,6),
(374,'Brandon Kintzler','Brandon','Kintzler','R',28,'MIL',77.0,58,0.7,19.0,5.3,3.9,18,1.42,2.28,73,25,2.4,9,63,11,17),
(375,'Michael Kirkman','Michael','Kirkman','L',26,'TEX',22.0,38,1.7,21.7,13.0,11.3,36,0.60,0.95,63,32,4.7,9,32,3,9),
(376,'Corey Kluber','Corey','Kluber','R',27,'CLE',147.1,46,2.5,22.4,5.4,8.1,32,0.88,1.37,68,26,7.5,12,114,17,15),
(377,'Tom Koehler','Tom','Koehler','R',27,'MIA',143.0,52,2.3,15.3,9.0,8.3,36,0.93,1.29,72,24,6.7,9,111,18,16),
(378,'Michael Kohn','Michael','Kohn','R',27,'LAA',53.0,48,3.0,22.5,12.1,9.1,50,0.31,0.28,61,25,8.0,21,44,1,2),
(379,'George Kontos','George','Kontos','R',28,'SFG',55.1,69,2.9,19.8,7.6,8.8,35,0.61,0.89,68,26,7.9,15,52,8,15),
(380,'Ian Krol','Ian','Krol','L',22,'WSN',27.1,48,4.3,18.8,6.8,10.3,43,0.63,0.82,68,25,11.6,17,11,0,0),
(381,'Hiroki Kuroda','Hiroki','Kuroda','R',38,'NYY',201.1,42,2.4,18.2,5.2,8.4,36,0.88,1.20,73,23,7.0,13,130,12,9),
(382,'John Lackey','John','Lackey','R',34,'BOS',189.1,44,3.3,20.7,5.1,8.5,37,0.88,1.21,70,20,10.0,12,101,9,9),
(383,'Aaron Laffey','Aaron','Laffey','L',28,'TOT',12.2,38,1.6,14.1,15.6,7.8,28,0.74,2.00,63,26,4.5,4,21,2,10),
(384,'Aaron Laffey','Aaron','Laffey','L',28,'NYM',10.0,36,2.0,18.0,10.0,10.0,31,0.60,2.17,64,32,5.3,5,14,1,7),
(385,'Aaron Laffey','Aaron','Laffey','L',28,'TOR',2.2,43,0.0,0.0,35.7,0.0,0,1.67,1.67,57,0,0.0,0,7,1,14),
(386,'Bobby LaFromboise','Bobby','LaFromboise','L',27,'SEA',10.2,32,0.0,23.4,8.5,4.3,17,0.55,0.91,66,34,0.0,15,11,1,9),
(387,'Matt Langwell','Matt','Langwell','R',27,'TOT',14.0,66,3.2,19.4,11.3,8.1,39,0.56,0.67,65,29,8.0,7,11,0,0),
(388,'Matt Langwell','Matt','Langwell','R',27,'CLE',5.1,57,4.4,26.1,8.7,13.0,60,0.36,0.67,61,40,9.1,0,1,0,0),
(389,'Matt Langwell','Matt','Langwell','R',27,'ARI',8.2,72,2.6,15.4,12.8,5.1,25,0.69,0.67,67,22,7.1,13,10,0,0),
(390,'John Lannan','John','Lannan','L',28,'PHI',74.1,21,1.8,11.5,8.1,8.7,34,1.15,1.62,76,23,5.6,9,64,8,13),
(391,'Mat Latos','Mat','Latos','R',25,'CIN',210.2,54,1.6,21.2,6.6,6.6,29,0.85,1.18,68,27,4.8,11,150,16,11),
(392,'Tommy Layne','Tommy','Layne','L',28,'SDP',8.2,69,2.6,15.4,12.8,5.1,20,1.08,1.50,62,23,8.3,0,11,3,27),
(393,'Brandon League','Brandon','League','R',30,'LAD',54.1,59,3.2,11.2,6.0,8.0,29,1.49,2.05,77,22,10.7,6,51,7,14),
(394,'Mike Leake','Mike','Leake','R',25,'CIN',192.1,49,2.6,15.2,6.0,7.4,31,0.96,1.51,74,27,7.7,13,139,23,17),
(395,'Wade LeBlanc','Wade','LeBlanc','L',28,'TOT',55.0,33,2.7,12.7,7.7,9.7,35,0.68,0.87,75,24,7.1,15,48,2,4),
(396,'Wade LeBlanc','Wade','LeBlanc','L',28,'MIA',48.2,31,2.7,14.0,6.8,8.6,30,0.70,0.90,75,22,7.1,15,40,2,5),
(397,'Wade LeBlanc','Wade','LeBlanc','L',28,'HOU',6.1,43,2.7,5.4,13.5,16.2,67,0.61,0.70,76,31,6.7,17,8,0,0),
(398,'Sam LeCure','Sam','LeCure','R',29,'CIN',61.0,58,1.6,26.3,9.6,6.0,30,0.78,1.04,62,27,5.1,12,54,9,17),
(399,'C.C. Lee','C.C.','Lee','R',26,'CLE',4.1,73,0.0,18.2,13.6,4.6,25,0.44,0.29,64,21,0.0,11,10,0,0),
(400,'Cliff Lee','Cliff','Lee','L',34,'PHI',222.2,24,2.5,25.3,3.7,7.5,34,0.84,1.16,67,25,7.5,10,128,21,16),
(401,'Charles Leesman','Charles','Leesman','L',26,'CHW',15.1,44,2.6,16.9,20.8,7.8,38,1.35,2.30,58,23,10.0,0,17,3,18),
(402,'Chris Leroux','Chris','Leroux','R',29,'PIT',4.0,57,4.8,14.3,28.6,4.8,25,2.00,8.00,52,17,25.0,0,7,1,14),
(403,'Jon Lester','Jon','Lester','L',29,'BOS',213.1,22,2.1,19.6,7.4,8.1,35,0.83,1.03,70,22,6.4,16,163,20,12),
(404,'Ted Lilly','Ted','Lilly','L',37,'LAD',23.0,18,3.7,16.5,9.2,10.1,41,0.55,0.76,70,28,9.3,16,13,0,0),
(405,'Chang-Yong Lim','Chang-Yong','Lim','R',37,'CHC',5.0,67,0.0,18.5,25.9,7.4,33,1.33,1.50,52,29,0.0,0,12,2,17),
(406,'Tim Lincecum','Tim','Lincecum','R',29,'SFG',197.2,51,2.5,23.0,9.0,6.9,32,0.83,1.25,63,25,7.9,11,150,15,10),
(407,'Brad Lincoln','Brad','Lincoln','R',28,'TOR',31.2,50,2.7,16.9,14.9,6.1,32,0.65,0.53,61,10,9.1,23,32,1,3),
(408,'Josh Lindblom','Josh','Lindblom','R',26,'TEX',31.1,34,2.9,15.3,8.0,9.5,37,0.54,0.71,74,28,7.1,18,19,1,5),
(409,'Matt Lindstrom','Matt','Lindstrom','R',33,'CHW',60.2,63,0.8,17.7,8.9,4.2,17,1.28,1.60,72,18,2.7,11,72,15,21),
(410,'Francisco Liriano','Francisco','Liriano','L',29,'PIT',161.0,21,1.4,24.5,9.5,5.1,25,1.07,1.52,64,25,4.6,7,104,12,12),
(411,'Chia-Jen Lo','Chia-Jen','Lo','R',27,'HOU',19.1,44,2.4,19.1,15.5,2.4,14,0.64,0.71,62,18,7.7,21,20,0,0),
(412,'Jeff Locke','Jeff','Locke','L',25,'PIT',166.1,23,1.6,17.6,11.8,5.8,28,1.17,1.53,67,22,5.5,10,151,16,11),
(413,'Kameron Loe','Kameron','Loe','R',31,'TOT',26.2,61,8.7,11.8,7.9,16.5,53,1.02,2.10,71,25,23.4,6,23,3,13),
(414,'Kameron Loe','Kameron','Loe','R',31,'TOT',20.0,58,5.2,12.5,9.4,15.6,52,1.24,2.69,72,25,16.1,6,18,2,11),
(415,'Kameron Loe','Kameron','Loe','R',31,'SEA',6.2,68,19.4,9.7,3.2,19.4,55,0.59,1.13,68,22,37.5,6,5,1,20),
(416,'Kameron Loe','Kameron','Loe','R',31,'CHC',8.1,51,7.7,10.3,10.3,18.0,58,1.58,2.50,72,26,25.0,0,6,1,17),
(417,'Kameron Loe','Kameron','Loe','R',31,'ATL',11.2,63,3.5,14.0,8.8,14.0,47,1.05,2.86,72,25,10.5,10,12,1,8),
(418,'Boone Logan','Boone','Logan','L',28,'NYY',39.0,53,4.4,31.5,8.2,6.9,33,0.92,1.13,54,16,17.1,15,29,4,14),
(419,'Kyle Lohse','Kyle','Lohse','R',34,'MIL',198.2,52,3.2,15.5,4.5,7.2,30,0.72,0.88,75,22,8.3,14,155,18,12),
(420,'Javier Lopez','Javier','Lopez','L',35,'SFG',39.1,61,0.6,23.0,7.5,6.8,37,1.69,1.96,66,13,3.1,18,33,5,15),
(421,'Wilton Lopez','Wilton','Lopez','R',29,'COL',75.1,55,1.9,15.0,5.6,7.5,27,1.00,1.41,77,26,5.1,6,67,9,13),
(422,'Aaron Loup','Aaron','Loup','L',25,'TOR',69.1,40,1.8,18.8,4.6,5.3,23,1.56,2.20,72,18,6.7,7,61,9,15),
(423,'Derek Lowe','Derek','Lowe','R',40,'TEX',13.0,61,5.3,14.0,5.3,10.5,38,1.39,2.88,72,18,20.0,17,15,3,20),
(424,'Mark Lowe','Mark','Lowe','R',30,'LAA',11.2,54,1.8,12.5,19.6,8.9,46,0.59,0.69,63,18,5.0,9,15,1,7),
(425,'Josh Lueke','Josh','Lueke','R',28,'TBR',21.1,55,3.0,25.3,12.1,10.1,44,0.46,0.56,58,23,8.6,15,26,2,8),
(426,'Lucas Luetge','Lucas','Luetge','L',26,'SEA',37.0,37,1.2,16.4,9.7,7.9,31,1.02,1.40,70,23,3.8,10,40,6,15),
(427,'Jordan Lyles','Jordan','Lyles','R',22,'HOU',141.2,45,2.7,14.5,7.6,9.0,35,0.97,1.31,74,24,7.7,10,132,11,8),
(428,'Lance Lynn','Lance','Lynn','R',26,'STL',201.2,56,1.6,23.1,8.9,6.4,29,0.76,1.00,64,24,5.2,13,161,18,11),
(429,'Brandon Lyon','Brandon','Lyon','R',33,'NYM',34.1,63,2.0,15.0,8.5,9.8,35,0.71,1.26,71,24,5.2,11,36,7,19),
(430,'Tyler Lyons','Tyler','Lyons','L',25,'STL',53.0,27,2.2,19.3,7.2,9.9,45,0.97,1.70,70,21,6.8,8,36,5,14),
(431,'Jean Machi','Jean','Machi','R',31,'SFG',53.0,62,1.0,24.2,5.7,4.7,22,1.16,1.68,69,21,3.2,9,45,6,13),
(432,'Matt Magill','Matt','Magill','R',23,'LAD',27.2,54,4.4,19.0,20.4,6.6,33,0.76,1.00,55,16,15.8,16,35,1,3),
(433,'Paul Maholm','Paul','Maholm','L',31,'ATL',153.0,25,2.5,15.7,7.0,8.2,33,1.10,1.82,72,23,7.8,8,129,20,16),
(434,'John Maine','John','Maine','R',32,'MIA',7.1,65,5.0,17.5,12.5,7.5,20,0.80,1.50,63,25,16.7,20,13,1,8),
(435,'Seth Maness','Seth','Maness','R',24,'STL',62.0,68,1.6,14.1,5.2,8.0,31,2.33,4.81,77,21,7.1,3,54,16,30),
(436,'Jeff Manship','Jeff','Manship','R',28,'COL',30.2,55,4.3,13.0,8.6,9.4,35,0.83,1.06,74,25,11.5,12,29,2,7),
(437,'Shaun Marcum','Shaun','Marcum','R',31,'NYM',78.1,57,2.1,18.0,6.3,7.5,29,0.56,0.81,71,22,5.6,19,64,6,9),
(438,'Carlos Marmol','Carlos','Marmol','R',30,'TOT',49.0,61,3.1,26.2,17.8,6.2,35,0.67,1.24,51,27,11.5,13,49,3,6),
(439,'Carlos Marmol','Carlos','Marmol','R',30,'CHC',27.2,60,4.7,24.8,16.3,8.5,42,0.62,1.35,51,22,16.2,12,28,1,4),
(440,'Carlos Marmol','Carlos','Marmol','R',30,'LAD',21.1,63,1.0,28.1,19.8,3.1,21,0.75,1.12,50,35,4.2,14,21,2,10),
(441,'Nick Maronde','Nick','Maronde','L',23,'LAA',5.1,57,3.6,17.9,28.6,7.1,50,1.14,1.75,50,20,14.3,0,7,1,14),
(442,'Jason Marquis','Jason','Marquis','R',34,'SDP',117.2,55,3.5,13.9,13.1,7.1,33,1.12,1.74,67,23,11.5,9,103,12,12),
(443,'Brett Marshall','Brett','Marshall','R',23,'NYY',12.0,50,5.6,13.0,13.0,7.4,31,1.05,1.64,67,15,18.8,16,13,3,23),
(444,'Sean Marshall','Sean','Marshall','L',30,'CIN',10.1,62,0.0,27.0,5.4,0.0,0,1.40,2.00,65,17,0.0,20,6,1,17),
(445,'Victor Marte','Victor','Marte','R',32,'STL',3.0,65,0.0,11.8,17.7,5.9,25,3.50,2.50,65,9,0.0,0,10,1,10),
(446,'Ethan Martin','Ethan','Martin','R',24,'PHI',40.0,53,4.7,24.7,13.7,9.5,43,0.44,0.61,56,27,14.3,20,41,1,2),
(447,'Carlos Martinez','Carlos','Martinez','R',21,'STL',28.1,59,0.8,19.4,7.3,4.8,19,1.15,1.73,69,23,2.7,8,19,3,16),
(448,'Cristhian Martinez','Cristhian','Martinez','R',31,'ATL',2.1,42,0.0,0.0,0.0,8.3,20,1.40,6.00,100,17,0.0,0,5,0,0),
(449,'David Martinez','David','Martinez','R',25,'HOU',11.1,65,1.9,11.5,5.8,11.5,38,0.77,1.15,73,19,5.0,9,14,2,14),
(450,'Joe Martinez','Joe','Martinez','R',30,'CLE',5.0,47,0.0,15.8,0.0,10.5,50,0.23,0.33,84,38,0.0,8,2,0,0),
(451,'Shairon Martis','Shairon','Martis','R',26,'MIN',9.2,46,7.7,18.0,10.3,12.8,83,0.65,0.83,64,21,21.4,18,6,0,0),
(452,'Justin Masterson','Justin','Masterson','R',28,'CLE',193.0,38,1.6,24.3,9.5,4.5,23,1.45,2.10,62,18,7.3,13,150,17,11),
(453,'Daisuke Matsuzaka','Daisuke','Matsuzaka','R',32,'NYM',38.2,46,2.4,19.9,9.6,6.6,34,0.43,0.52,63,23,6.9,22,32,2,6),
(454,'Ryan Mattheus','Ryan','Mattheus','R',29,'WSN',35.1,58,0.6,13.3,9.0,5.4,17,1.37,2.11,77,31,1.9,4,48,7,15),
(455,'Brian Matusz','Brian','Matusz','L',26,'BAL',51.0,54,1.4,24.0,7.7,5.3,26,0.61,0.89,65,28,4.1,13,42,3,7),
(456,'Brandon Maurer','Brandon','Maurer','R',22,'SEA',90.0,43,4.0,17.4,6.7,10.0,35,0.80,1.17,70,21,10.7,9,81,9,11),
(457,'Yunesky Maya','Yunesky','Maya','R',31,'WSN',0.1,33,33.3,0.0,0.0,33.3,50,0.00,0.00,67,67,33.3,0,1,0,0),
(458,'Vin Mazzaro','Vin','Mazzaro','R',26,'PIT',73.2,57,1.0,15.1,6.9,4.3,19,1.07,1.22,75,22,2.9,7,74,9,12),
(459,'Zach McAllister','Zach','McAllister','R',25,'CLE',134.1,44,2.3,17.4,8.5,9.0,39,0.61,0.76,71,23,5.8,14,102,12,12),
(460,'Brandon McCarthy','Brandon','McCarthy','R',29,'ARI',135.0,48,2.3,13.2,3.6,7.8,28,0.98,1.45,79,27,6.0,8,90,11,12),
(461,'Kyle McClellan','Kyle','McClellan','R',29,'TEX',9.1,53,5.0,7.5,12.5,10.0,57,0.48,0.79,73,26,10.5,10,5,1,20),
(462,'James McDonald','James','McDonald','R',28,'PIT',29.2,54,0.7,18.1,14.5,10.1,48,0.73,0.72,64,21,2.1,8,25,1,4),
(463,'John McDonald','John','McDonald','R',38,'PHI',0.1,67,0.0,33.3,0.0,0.0,0,1.00,NULL,67,50,0.0,0,0,0,""),
(464,'T.J. McFarland','T.J.','McFarland','L',24,'BAL',74.2,41,2.1,17.5,8.5,6.7,27,1.42,1.89,71,16,8.2,13,74,4,5),
(465,'Jake McGee','Jake','McGee','L',26,'TBR',62.2,34,3.1,28.9,8.5,6.5,33,0.74,0.90,59,24,10.5,17,59,5,8),
(466,'Dustin McGowan','Dustin','McGowan','R',31,'TOR',25.2,53,1.8,22.8,10.5,7.9,47,0.92,0.85,63,20,6.3,16,19,1,5),
(467,'Collin McHugh','Collin','McHugh','R',26,'TOT',26.0,58,4.8,8.8,4.0,13.6,38,0.66,1.16,81,27,10.3,6,21,2,10),
(468,'Collin McHugh','Collin','McHugh','R',26,'NYM',7.0,53,5.9,8.8,8.8,11.8,33,1.00,2.60,76,21,15.4,0,6,1,17),
(469,'Collin McHugh','Collin','McHugh','R',26,'COL',19.0,59,4.4,8.8,2.2,14.3,39,0.57,0.88,82,28,8.9,8,15,1,7),
(470,'Yoervis Medina','Yoervis','Medina','R',24,'SEA',68.0,55,1.7,24.4,13.8,5.2,31,1.19,1.69,58,19,7.2,13,64,7,11),
(471,'Kris Medlen','Kris','Medlen','R',27,'ATL',197.0,47,2.2,19.2,5.7,8.1,34,0.84,1.24,71,25,6.1,8,129,15,12),
(472,'Jenrry Mejia','Jenrry','Mejia','R',23,'NYM',27.1,57,1.8,24.1,3.6,4.5,18,1.38,1.84,71,20,6.3,6,20,3,15),
(473,'Mark Melancon','Mark','Melancon','R',28,'PIT',71.0,55,0.4,25.1,2.9,2.9,13,1.65,2.77,71,22,1.5,12,50,9,18),
(474,'Luis Mendoza','Luis','Mendoza','R',29,'KCR',94.0,45,2.4,12.9,10.3,9.3,37,1.00,1.38,73,22,7.1,11,79,11,14),
(475,'Jose Mijares','Jose','Mijares','L',28,'SFG',49.0,46,1.3,22.9,8.5,8.9,31,0.56,0.67,65,30,3.6,14,45,1,2),
(476,'Miles Mikolas','Miles','Mikolas','R',24,'SDP',1.2,57,0.0,14.3,14.3,0.0,NULL,0.00,0.00,57,25,0.0,25,2,0,0),
(477,'Wade Miley','Wade','Miley','L',26,'ARI',202.2,20,2.5,17.4,7.8,7.8,33,1.13,1.59,71,23,7.7,6,147,23,16),
(478,'Andrew Miller','Andrew','Miller','L',28,'BOS',30.2,46,2.2,35.6,12.6,2.2,12,1.28,1.87,47,21,10.7,3,35,2,6),
(479,'Jim Miller','Jim','Miller','R',31,'NYY',1.1,75,12.5,0.0,12.5,25.0,67,0.00,0.00,75,43,14.3,0,2,0,0),
(480,'Shelby Miller','Shelby','Miller','R',22,'STL',173.1,53,2.8,23.4,7.9,6.5,31,0.65,0.80,64,24,7.8,11,136,11,8),
(481,'Tommy Milone','Tommy','Milone','L',26,'OAK',156.1,22,3.8,18.9,5.9,8.9,37,0.55,0.71,71,24,9.2,14,104,10,10),
(482,'Zach Miner','Zach','Miner','R',31,'PHI',28.2,68,3.0,15.0,12.8,6.8,27,0.94,1.37,66,23,10.8,21,33,2,6),
(483,'Mike Minor','Mike','Minor','L',25,'ATL',204.2,23,2.7,22.1,5.6,8.3,38,0.55,0.67,69,26,6.9,15,115,9,8),
(484,'Matt Moore','Matt','Moore','L',24,'TBR',150.1,30,2.2,22.3,11.8,6.2,34,0.66,0.87,62,20,6.9,18,118,8,7),
(485,'Franklin Morales','Franklin','Morales','L',27,'BOS',25.1,38,1.8,18.8,13.4,5.4,25,0.64,0.65,63,29,5.4,16,24,3,13),
(486,'Bryan Morris','Bryan','Morris','R',26,'PIT',65.0,56,3.0,13.7,10.4,6.3,30,1.35,2.10,72,20,9.9,5,59,12,20),
(487,'Brandon Morrow','Brandon','Morrow','R',28,'TOR',54.1,42,5.0,17.4,7.4,12.8,49,0.62,0.71,70,21,12.2,12,36,3,8),
(488,'Clayton Mortensen','Clayton','Mortensen','R',28,'BOS',30.1,48,2.1,14.9,11.4,5.0,22,0.87,1.06,69,19,6.5,13,30,1,3),
(489,'Charlie Morton','Charlie','Morton','R',29,'PIT',116.0,53,1.2,17.2,7.3,4.9,21,1.78,2.74,70,19,5.4,10,100,15,15),
(490,'Guillermo Moscoso','Guillermo','Moscoso','R',29,'SFG',30.0,61,3.9,24.2,16.4,7.8,50,0.20,0.27,53,27,9.6,15,26,2,8),
(491,'Peter Moylan','Peter','Moylan','R',34,'LAD',15.1,60,4.3,8.6,10.0,8.6,26,0.39,0.54,77,30,8.1,10,17,2,12),
(492,'Edward Mujica','Edward','Mujica','R',29,'STL',64.2,55,3.5,18.0,2.0,9.0,38,0.83,1.09,75,21,9.1,9,36,5,14),
(493,'David Murphy','David','Murphy','L',31,'TEX',1.0,50,0.0,25.0,0.0,25.0,100,0.00,0.00,75,67,0.0,0,0,0,""),
(494,'Brett Myers','Brett','Myers','R',32,'CLE',21.1,54,10.3,12.4,5.2,15.5,52,0.63,1.04,71,21,24.4,15,15,1,7),
(495,'Chris Narveson','Chris','Narveson','L',31,'MIL',2.0,38,0.0,0.0,12.5,0.0,0,1.00,2.00,88,14,0.0,0,0,0,""),
(496,'Joe Nathan','Joe','Nathan','R',38,'TEX',64.2,47,0.8,29.2,8.8,3.6,25,0.47,0.60,60,25,2.4,20,33,1,3),
(497,'Jimmy Nelson','Jimmy','Nelson','R',24,'MIL',10.0,43,0.0,21.6,13.5,2.7,50,0.71,0.83,65,42,0.0,0,3,0,0),
(498,'Pat Neshek','Pat','Neshek','R',32,'OAK',40.1,66,3.4,16.4,8.5,7.3,33,0.52,0.54,72,23,7.9,13,28,0,0),
(499,'Juan Nicasio','Juan','Nicasio','R',26,'COL',157.2,52,2.4,16.9,9.1,10.2,43,0.83,1.18,70,24,7.3,16,124,8,6),
(500,'Jon Niese','Jon','Niese','L',26,'NYM',143.0,24,1.6,16.9,7.7,6.9,27,1.07,1.52,72,22,5.0,8,123,16,13),
(501,'Hector Noesi','Hector','Noesi','R',26,'SEA',27.1,52,2.2,15.7,9.0,10.5,33,0.55,0.67,72,31,5.2,9,28,1,4),
(502,'Ricky Nolasco','Ricky','Nolasco','R',30,'TOT',199.1,46,2.0,19.8,5.5,7.7,33,0.76,1.12,70,26,5.5,9,129,15,12),
(503,'Ricky Nolasco','Ricky','Nolasco','R',30,'MIA',112.1,44,2.4,19.2,5.3,8.1,34,0.72,1.03,71,25,6.1,9,69,6,9),
(504,'Ricky Nolasco','Ricky','Nolasco','R',30,'LAD',87.0,49,1.6,20.5,5.7,7.1,31,0.82,1.26,70,28,4.7,10,60,9,15),
(505,'Sean Nolin','Sean','Nolin','L',23,'TOR',1.1,27,9.1,0.0,9.1,27.3,43,0.43,3.00,82,50,14.3,0,5,1,20),
(506,'Bud Norris','Bud','Norris','R',28,'TOT',176.2,42,2.2,19.0,8.7,8.0,32,0.70,0.87,69,24,6.2,15,149,15,10),
(507,'Bud Norris','Bud','Norris','R',28,'HOU',126.0,44,2.0,16.6,8.0,8.0,32,0.67,0.80,72,24,5.5,16,109,11,10),
(508,'Bud Norris','Bud','Norris','R',28,'BAL',50.2,38,2.6,24.6,10.3,8.2,31,0.78,1.11,61,26,8.2,12,40,4,10),
(509,'Ivan Nova','Ivan','Nova','R',26,'NYY',139.1,46,1.5,19.8,7.5,5.0,22,1.16,1.56,68,22,5.2,8,120,18,15),
(510,'Vidal Nuno','Vidal','Nuno','L',25,'NYY',20.0,23,2.4,11.0,7.3,9.8,50,0.57,0.59,78,18,5.7,17,13,1,8),
(511,'Darren O\'Day','Darren','O\'Day','R',30,'BAL',62.0,63,2.8,23.9,6.1,6.5,34,0.62,0.71,64,19,8.2,16,43,4,9),
(512,'Eric O\'Flaherty','Eric','O\'Flaherty','L',28,'ATL',18.0,31,2.9,15.7,7.1,4.3,25,1.41,1.80,74,15,10.5,14,11,1,9),
(513,'Sean O\'Sullivan','Sean','O\'Sullivan','R',25,'SDP',25.0,53,0.0,10.2,11.9,8.5,32,0.84,0.97,76,21,0.0,14,27,3,11),
(514,'Brett Oberholtzer','Brett','Oberholtzer','L',23,'HOU',71.2,29,2.4,15.4,4.4,8.5,38,0.56,0.69,77,24,5.6,15,45,3,7),
(515,'Jake Odorizzi','Jake','Odorizzi','R',23,'TBR',29.2,46,2.5,18.0,6.6,10.7,46,0.53,0.63,71,27,5.9,14,22,3,14),
(516,'Alexi Ogando','Alexi','Ogando','R',29,'TEX',104.1,45,2.6,16.8,9.6,6.5,32,0.72,0.82,69,22,7.3,15,79,11,14),
(517,'Ross Ohlendorf','Ross','Ohlendorf','R',30,'WSN',60.1,57,3.2,18.2,5.7,8.9,39,0.62,0.73,71,24,8.8,18,43,3,7),
(518,'Hideki Okajima','Hideki','Okajima','L',37,'OAK',4.0,43,4.8,4.8,9.5,19.1,57,0.89,1.75,81,22,12.5,11,3,0,0),
(519,'Darren Oliver','Darren','Oliver','L',42,'TOR',49.0,39,2.9,19.6,7.4,8.3,36,0.99,1.50,68,20,9.5,10,43,7,16),
(520,'Edgar Olmos','Edgar','Olmos','L',23,'MIA',5.0,38,8.3,8.3,12.5,12.5,43,1.00,1.60,67,32,22.2,0,3,2,67),
(521,'Brian Omogrosso','Brian','Omogrosso','R',29,'CHW',16.1,42,2.4,19.1,10.7,14.3,43,0.81,1.46,67,26,6.7,6,18,2,11),
(522,'Logan Ondrusek','Logan','Ondrusek','R',28,'CIN',55.0,56,3.4,22.8,6.9,8.6,38,0.90,1.18,65,22,11.1,12,43,3,7),
(523,'Jose Ortega','Jose','Ortega','R',24,'DET',11.2,52,3.9,19.2,11.5,3.9,20,1.00,1.27,62,11,13.3,12,5,0,0),
(524,'Joe Ortiz','Joe','Ortiz','L',22,'TEX',44.2,40,2.7,14.4,5.4,9.6,39,0.73,1.04,76,30,6.5,9,32,3,9),
(525,'Ramon Ortiz','Ramon','Ortiz','R',40,'TOR',25.1,45,6.0,6.8,9.4,12.0,41,0.75,1.34,76,18,15.2,16,31,7,23),
(526,'Roy Oswalt','Roy','Oswalt','R',35,'COL',32.1,53,2.0,22.5,6.0,9.3,29,0.67,0.74,68,29,5.8,17,42,1,2),
(527,'Dan Otero','Dan','Otero','R',28,'OAK',39.0,48,0.0,17.0,3.8,3.1,12,1.27,1.90,79,21,0.0,15,39,7,18),
(528,'Adam Ottavino','Adam','Ottavino','R',27,'COL',78.1,58,1.5,23.3,9.3,5.1,23,0.87,1.08,64,21,5.1,14,63,4,6),
(529,'Josh Outman','Josh','Outman','L',28,'COL',54.0,53,1.3,22.3,9.7,5.0,21,1.03,1.53,65,21,4.3,8,63,5,8),
(530,'Jonathan Papelbon','Jonathan','Papelbon','R',32,'PHI',61.2,51,2.4,22.4,4.3,5.1,22,0.71,0.72,70,23,6.6,15,37,3,8),
(531,'Blake Parker','Blake','Parker','R',28,'CHC',46.1,58,2.1,28.2,7.7,6.2,31,0.42,0.42,61,24,5.5,15,30,2,7),
(532,'Jarrod Parker','Jarrod','Parker','R',24,'OAK',197.0,43,3.1,16.4,7.7,7.0,32,0.71,0.93,71,23,8.0,11,139,18,13),
(533,'Bobby Parnell','Bobby','Parnell','R',28,'NYM',50.0,59,0.5,22.2,6.1,6.6,34,1.11,1.47,70,24,1.6,6,33,4,12),
(534,'Manny Parra','Manny','Parra','L',30,'CIN',46.0,49,2.7,29.8,8.0,7.5,35,0.78,0.93,57,30,8.3,5,28,4,14),
(535,'Curtis Partch','Curtis','Partch','R',26,'CIN',23.1,59,7.6,15.1,16.0,12.3,77,0.74,1.08,55,20,25.0,16,14,2,14),
(536,'Joe Paterson','Joe','Paterson','L',27,'ARI',2.1,36,0.0,18.2,0.0,0.0,0,0.50,1.50,55,33,0.0,0,4,1,25),
(537,'Troy Patton','Troy','Patton','L',27,'BAL',56.0,46,3.4,17.9,6.8,7.7,32,0.87,1.17,70,18,10.3,14,51,7,14),
(538,'James Paxton','James','Paxton','L',24,'SEA',24.0,18,2.1,22.3,7.5,7.5,47,1.44,2.00,68,23,8.3,11,5,1,20),
(539,'Brad Peacock','Brad','Peacock','R',25,'HOU',83.1,42,4.1,21.1,10.1,9.9,46,0.63,0.83,64,22,11.5,14,59,5,8),
(540,'Jake Peavy','Jake','Peavy','R',32,'TOT',144.2,47,3.4,20.5,6.1,8.6,39,0.49,0.57,69,23,8.4,16,95,6,6),
(541,'Jake Peavy','Jake','Peavy','R',32,'CHW',80.0,44,4.3,23.5,5.3,9.3,41,0.57,0.62,66,19,11.6,17,56,5,9),
(542,'Jake Peavy','Jake','Peavy','R',32,'BOS',64.2,51,2.3,16.9,7.1,7.9,38,0.41,0.53,73,28,5.1,16,39,1,3),
(543,'Mike Pelfrey','Mike','Pelfrey','R',29,'MIN',152.2,45,1.9,14.9,7.8,7.4,27,0.79,1.06,74,22,5.3,15,142,16,11),
(544,'Joel Peralta','Joel','Peralta','R',37,'TBR',71.1,43,2.4,25.4,11.7,5.8,36,0.35,0.46,60,19,6.5,20,65,5,8),
(545,'Wily Peralta','Wily','Peralta','R',24,'MIL',183.1,50,2.4,16.1,9.1,5.7,25,1.04,1.39,70,25,7.5,9,158,19,12),
(546,'Chris Perez','Chris','Perez','R',27,'CLE',54.0,47,4.5,22.2,8.6,11.5,50,0.76,1.06,61,26,12.8,4,32,1,3),
(547,'Juan Perez','Juan','Perez','L',34,'TOR',31.2,38,2.3,25.2,11.5,4.6,26,1.48,1.82,60,13,11.1,18,23,3,13),
(548,'Luis Perez','Luis','Perez','L',28,'TOR',5.0,48,0.0,28.6,9.5,0.0,0,1.17,2.00,62,31,0.0,17,2,0,0),
(549,'Martin Perez','Martin','Perez','L',22,'TEX',124.1,25,2.8,15.9,7.0,7.0,29,0.93,1.26,73,24,8.1,11,95,13,14),
(550,'Oliver Perez','Oliver','Perez','L',31,'SEA',53.0,41,2.6,32.3,11.4,7.0,32,0.44,0.62,53,27,8.2,15,54,7,13),
(551,'Glen Perkins','Glen','Perkins','L',30,'MIN',62.2,25,2.1,32.1,6.3,5.8,33,0.57,0.95,58,25,6.4,13,41,8,20),
(552,'Vinnie Pestano','Vinnie','Pestano','R',28,'CLE',35.1,48,3.8,23.3,13.2,8.8,38,0.55,0.64,59,21,10.9,15,30,3,10),
(553,'Yusmeiro Petit','Yusmeiro','Petit','R',28,'SFG',48.0,61,2.0,24.0,5.6,6.6,28,0.46,0.60,67,30,5.1,15,26,3,12),
(554,'Jake Petricka','Jake','Petricka','R',25,'CHW',19.1,65,0.0,11.8,11.8,3.5,15,1.70,3.70,74,20,0.0,4,23,4,17),
(555,'Jonathan Pettibone','Jonathan','Pettibone','R',22,'PHI',100.1,49,2.1,15.1,8.7,7.8,31,1.00,1.47,71,20,6.5,12,89,12,13),
(556,'Andy Pettitte','Andy','Pettitte','L',41,'NYY',185.1,23,2.2,16.3,6.1,7.9,31,0.89,1.19,74,22,6.0,11,149,17,11),
(557,'David Phelps','David','Phelps','R',26,'NYY',86.2,40,2.1,21.0,9.3,7.7,33,0.75,1.02,66,25,5.9,6,81,7,9),
(558,'Zach Phillips','Zach','Phillips','L',26,'MIA',1.2,45,0.0,9.1,27.3,0.0,0,2.00,1.00,55,0,0.0,0,3,0,0),
(559,'Stolmy Pimentel','Stolmy','Pimentel','R',23,'PIT',9.1,63,0.0,23.7,5.3,2.6,17,0.80,0.58,71,22,0.0,7,7,0,0),
(560,'Drew Pomeranz','Drew','Pomeranz','L',24,'COL',21.2,25,3.8,18.1,18.1,9.5,40,1.17,2.07,58,20,13.8,3,22,5,23),
(561,'Rick Porcello','Rick','Porcello','R',24,'DET',177.0,47,2.5,19.3,5.7,6.5,26,1.24,1.78,72,22,8.0,7,120,20,17),
(562,'Ryan Pressly','Ryan','Pressly','R',24,'MIN',76.2,52,1.6,15.6,8.6,6.7,30,0.81,1.05,74,22,4.3,10,76,10,13),
(563,'David Price','David','Price','L',27,'TBR',186.2,23,2.2,20.4,3.7,7.7,32,0.87,1.09,73,24,6.3,14,124,19,15),
(564,'Stephen Pryor','Stephen','Pryor','R',23,'SEA',7.1,77,0.0,26.9,3.9,0.0,0,0.64,0.50,69,22,0.0,9,3,0,0),
(565,'David Purcey','David','Purcey','L',31,'CHW',25.1,49,1.8,20.4,15.0,7.1,42,0.71,1.04,60,17,6.5,24,20,4,20),
(566,'Luke Putkonen','Luke','Putkonen','R',27,'DET',29.2,57,3.2,22.1,7.1,3.2,13,1.38,1.35,66,10,11.4,5,23,3,13),
(567,'Zach Putnam','Zach','Putnam','R',25,'CHC',3.1,58,5.3,21.1,0.0,15.8,33,1.14,5.00,74,33,14.3,0,6,0,0),
(568,'J.J. Putz','J.J.','Putz','R',36,'ARI',34.1,59,2.9,27.1,12.1,7.1,39,1.02,1.42,58,18,10.8,12,22,4,18),
(569,'Chad Qualls','Chad','Qualls','R',34,'MIA',62.0,59,1.6,19.4,7.5,4.8,21,1.81,2.58,69,19,7.3,13,47,11,23),
(570,'Jose Quintana','Jose','Quintana','L',24,'CHW',200.0,28,2.8,19.7,6.7,7.7,34,0.77,0.93,70,22,8.2,18,131,15,11),
(571,'Ryan Raburn','Ryan','Raburn','R',32,'CLE',1.0,67,0.0,33.3,0.0,0.0,NULL,NULL,NULL,67,0,NULL,NULL,0,0,""),
(572,'Brooks Raley','Brooks','Raley','L',25,'CHC',14.0,41,3.3,23.0,13.1,6.6,36,0.89,1.33,56,24,11.1,5,15,2,13),
(573,'Erasmo Ramirez','Erasmo','Ramirez','R',23,'SEA',72.1,38,3.7,17.8,8.1,7.2,29,0.78,1.13,69,24,10.1,9,63,7,11),
(574,'J.C. Ramirez','J.C.','Ramirez','R',24,'PHI',24.0,60,5.2,13.8,12.9,10.3,40,0.69,0.96,67,21,14.3,14,25,3,12),
(575,'Ramon Ramirez','Ramon','Ramirez','R',31,'SFG',5.2,52,6.9,0.0,17.2,13.8,44,0.64,1.13,72,21,15.4,7,8,2,25),
(576,'A.J. Ramos','A.J.','Ramos','R',26,'MIA',80.0,52,1.2,25.4,12.7,5.3,31,0.63,0.70,60,22,3.5,10,60,2,3),
(577,'Cesar Ramos','Cesar','Ramos','L',29,'TBR',67.1,40,2.1,18.4,7.6,5.6,24,0.70,0.91,70,25,5.6,13,57,2,4),
(578,'Clay Rapada','Clay','Rapada','L',32,'CLE',2.0,67,0.0,0.0,22.2,0.0,0,0.40,0.50,78,29,0.0,20,4,0,0),
(579,'Cory Rasmus','Cory','Rasmus','R',25,'TOT',21.2,51,5.8,19.4,12.6,12.6,54,0.44,0.55,62,21,13.3,6,19,1,5),
(580,'Cory Rasmus','Cory','Rasmus','R',25,'ATL',6.2,55,12.9,19.4,9.7,19.4,75,0.31,0.56,58,14,25.0,0,6,1,17),
(581,'Cory Rasmus','Cory','Rasmus','R',25,'LAA',15.0,50,2.8,19.4,13.9,9.7,44,0.50,0.55,64,25,6.9,9,13,0,0),
(582,'Jon Rauch','Jon','Rauch','R',34,'MIA',16.2,55,1.3,18.8,8.8,6.3,22,0.90,1.19,68,25,4.3,21,18,0,0),
(583,'Anthony Recker','Anthony','Recker','R',29,'NYM',1.0,60,20.0,0.0,20.0,20.0,100,0.00,0.00,60,0,33.3,25,1,0,0),
(584,'Todd Redmond','Todd','Redmond','R',28,'TOR',77.0,46,4.0,23.5,7.1,10.5,49,0.44,0.53,63,25,10.4,17,50,3,6),
(585,'Addison Reed','Addison','Reed','R',24,'CHW',71.1,45,2.0,24.4,7.8,5.1,27,0.50,0.60,64,21,5.8,20,46,1,2),
(586,'Evan Reed','Evan','Reed','R',27,'DET',23.1,55,1.9,16.2,7.6,6.7,25,1.11,1.26,72,20,5.9,8,17,2,12),
(587,'Ryan Reid','Ryan','Reid','R',28,'PIT',11.0,60,2.1,14.9,6.4,6.4,33,1.06,1.36,68,14,7.1,13,7,0,0),
(588,'Chris Resop','Chris','Resop','R',30,'OAK',18.0,52,3.5,14.9,11.5,8.1,32,0.72,0.86,68,32,9.7,14,18,2,11),
(589,'Greg Reynolds','Greg','Reynolds','R',27,'CIN',29.1,53,3.8,9.8,4.5,9.8,35,0.78,1.11,77,26,9.6,12,28,3,11),
(590,'Matt Reynolds','Matt','Reynolds','L',28,'ARI',27.1,41,1.8,20.7,4.5,7.2,32,0.63,0.97,72,32,4.8,14,15,2,13),
(591,'Scott Rice','Scott','Rice','L',31,'NYM',51.0,65,0.5,19.3,12.7,4.2,21,1.72,2.60,65,16,2.4,16,40,7,18),
(592,'Clayton Richard','Clayton','Richard','L',29,'SDP',52.2,25,5.4,10.0,8.8,12.1,45,1.13,2.07,73,26,15.9,7,43,5,12),
(593,'Garrett Richards','Garrett','Richards','R',25,'LAA',145.0,42,1.9,16.3,7.1,5.8,24,1.40,2.11,73,21,6.7,6,121,19,16),
(594,'Andre Rienzo','Andre','Rienzo','R',24,'CHW',56.0,34,4.4,15.2,11.2,8.4,38,0.98,1.28,68,19,13.6,11,44,3,7),
(595,'Mariano Rivera','Mariano','Rivera','R',43,'NYY',64.0,45,2.3,21.1,3.5,6.3,28,0.89,1.14,73,20,6.9,14,38,3,8),
(596,'Tanner Roark','Tanner','Roark','R',26,'WSN',53.2,57,0.5,19.6,5.4,1.5,8,0.97,1.16,73,25,1.6,16,42,4,10),
(597,'David Robertson','David','Robertson','R',28,'NYY',66.1,47,1.9,29.4,6.9,5.0,26,1.04,1.33,60,20,6.9,9,46,3,7),
(598,'Tyler Robertson','Tyler','Robertson','L',25,'MIN',1.0,50,25.0,50.0,0.0,25.0,100,1.00,NULL,25,0,100.0,0,2,0,0),
(599,'Mauricio Robles','Mauricio','Robles','L',24,'PHI',4.2,32,0.0,24.0,12.0,4.0,14,1.00,1.67,64,19,0.0,25,4,0,0),
(600,'Fernando Rodney','Fernando','Rodney','R',36,'TBR',66.2,46,1.0,28.3,12.4,7.2,40,1.00,1.52,58,24,4.3,18,65,2,3),
(601,'Francisco Rodriguez','Francisco','Rodriguez','R',31,'TOT',46.2,46,3.6,28.0,7.3,9.3,43,0.62,0.83,59,23,10.4,8,25,2,8),
(602,'Francisco Rodriguez','Francisco','Rodriguez','R',31,'MIL',24.2,43,2.1,26.8,9.3,4.1,24,0.46,0.53,60,19,5.6,12,15,1,7),
(603,'Francisco Rodriguez','Francisco','Rodriguez','R',31,'BAL',22.0,48,5.2,29.2,5.2,14.6,56,0.81,1.38,58,27,16.1,3,10,1,10),
(604,'Henry Rodriguez','Henry','Rodriguez','R',26,'TOT',22.0,53,1.8,11.0,18.4,4.6,25,0.85,0.93,67,29,5.6,10,22,1,5),
(605,'Henry Rodriguez','Henry','Rodriguez','R',26,'WSN',18.0,49,1.2,12.8,18.6,3.5,21,0.97,0.95,66,26,4.0,14,18,0,0),
(606,'Henry Rodriguez','Henry','Rodriguez','R',26,'CHC',4.0,70,4.4,4.4,17.4,8.7,33,0.55,0.83,70,41,9.1,0,4,1,25),
(607,'Paco Rodriguez','Paco','Rodriguez','L',22,'LAD',54.1,54,2.4,30.3,9.1,3.9,27,0.93,1.43,56,19,11.4,28,43,3,7),
(608,'Wandy Rodriguez','Wandy','Rodriguez','L',34,'PIT',62.2,25,3.9,17.7,4.6,8.9,40,0.78,0.91,72,17,10.6,15,36,3,8),
(609,'Chaz Roe','Chaz','Roe','R',26,'ARI',22.1,69,3.2,25.3,13.7,6.3,33,1.33,2.31,56,16,13.6,8,18,3,17),
(610,'Josh Roenicke','Josh','Roenicke','R',30,'MIN',62.0,60,2.1,16.0,12.8,8.2,37,0.73,0.84,68,18,6.7,22,48,2,4),
(611,'Esmil Rogers','Esmil','Rogers','R',27,'TOR',137.2,44,3.5,16.1,7.4,9.2,36,0.92,1.33,72,24,10.1,11,130,20,15),
(612,'Enny Romero','Enny','Romero','L',22,'TBR',4.2,22,0.0,0.0,22.2,0.0,0,1.80,1.60,78,14,0.0,20,5,1,20),
(613,'Ricky Romero','Ricky','Romero','L',28,'TOR',7.1,35,5.0,12.5,20.0,5.0,18,0.86,1.83,60,31,15.4,7,14,2,14),
(614,'Sergio Romo','Sergio','Romo','R',30,'SFG',60.1,56,2.0,23.2,4.8,7.2,34,0.72,0.97,69,25,5.7,16,48,0,0),
(615,'Bruce Rondon','Bruce','Rondon','R',22,'DET',28.2,56,1.6,24.6,9.0,8.2,36,0.88,1.24,64,25,5.4,12,22,3,14),
(616,'Hector Rondon','Hector','Rondon','R',25,'CHC',54.2,54,2.5,18.2,10.3,7.4,35,0.82,1.16,66,19,7.6,13,46,3,7),
(617,'Sandy Rosario','Sandy','Rosario','R',27,'SFG',41.2,64,0.6,13.3,11.1,5.0,24,0.78,0.89,73,31,1.5,11,43,3,7),
(618,'B.J. Rosenberg','B.J.','Rosenberg','R',27,'PHI',19.2,66,0.0,22.1,10.5,7.0,30,0.58,0.71,66,28,0.0,14,14,3,21),
(619,'Trevor Rosenthal','Trevor','Rosenthal','R',23,'STL',75.1,56,1.3,34.7,6.4,5.8,29,0.82,1.19,55,24,5.3,19,59,5,8),
(620,'Robbie Ross','Robbie','Ross','L',24,'TEX',62.1,38,1.5,21.7,7.1,6.0,25,0.81,1.53,68,31,4.5,13,71,7,10),
(621,'Tyson Ross','Tyson','Ross','R',26,'SDP',125.0,51,1.6,23.6,8.7,5.2,26,1.25,1.78,64,19,6.2,10,98,17,17),
(622,'Zac Rosscup','Zac','Rosscup','L',25,'CHC',6.2,43,3.3,23.3,23.3,6.7,67,0.23,0.18,50,19,11.1,31,5,0,0),
(623,'Michael Roth','Michael','Roth','L',23,'LAA',20.0,43,0.0,19.1,6.7,3.4,13,0.70,1.10,71,31,0.0,8,24,1,4),
(624,'Chance Ruffin','Chance','Ruffin','R',24,'SEA',9.2,55,6.1,30.6,10.2,12.2,43,0.50,1.33,49,37,16.7,0,11,1,9),
(625,'Chris Rusin','Chris','Rusin','L',26,'CHC',66.1,23,2.8,12.8,8.5,8.2,35,0.98,1.21,74,24,8.1,8,45,4,9),
(626,'James Russell','James','Russell','L',27,'CHC',52.2,57,3.3,17.3,8.4,10.8,50,0.50,0.53,70,17,8.8,23,30,2,7),
(627,'Hyun-jin Ryu','Hyun-jin','Ryu','L',26,'LAD',192.0,26,1.9,19.7,6.3,6.0,26,1.04,1.53,71,22,6.1,12,166,26,16),
(628,'Marc Rzepczynski','Marc','Rzepczynski','L',27,'TOT',30.2,48,1.6,22.5,7.8,7.0,33,1.27,1.48,64,19,5.7,5,28,3,11),
(629,'Marc Rzepczynski','Marc','Rzepczynski','L',27,'STL',10.1,36,2.0,18.0,8.0,8.0,25,1.19,1.20,70,19,6.7,6,16,1,6),
(630,'Marc Rzepczynski','Marc','Rzepczynski','L',27,'CLE',20.1,56,1.3,25.3,7.6,6.3,46,1.33,1.67,61,18,5.0,5,12,2,17),
(631,'CC Sabathia','CC','Sabathia','L',32,'NYY',211.0,23,3.1,19.3,7.2,9.1,37,0.84,1.13,69,21,9.0,12,162,19,12),
(632,'Fernando Salas','Fernando','Salas','R',28,'STL',28.0,63,2.5,18.6,5.1,9.3,41,0.47,0.48,72,17,5.4,5,17,0,0),
(633,'Danny Salazar','Danny','Salazar','R',23,'CLE',52.0,45,3.3,30.8,7.1,6.6,32,0.56,0.78,58,27,9.9,13,36,2,6),
(634,'Chris Sale','Chris','Sale','L',24,'CHW',214.1,19,2.7,26.1,5.3,6.0,28,0.87,1.19,64,22,8.6,12,151,17,11),
(635,'Jeff Samardzija','Jeff','Samardzija','R',28,'CHC',213.2,53,2.7,23.4,8.5,7.9,34,0.97,1.31,64,23,9.5,13,156,18,12),
(636,'Alex Sanabia','Alex','Sanabia','R',24,'MIA',55.1,47,4.0,12.4,10.0,11.6,42,0.63,1.00,71,23,10.0,13,51,12,24),
(637,'Anibal Sanchez','Anibal','Sanchez','R',29,'DET',182.0,45,1.2,27.1,7.2,5.8,28,0.86,1.20,64,23,4.1,13,117,10,9),
(638,'Eduardo Sanchez','Eduardo','Sanchez','R',24,'CHC',6.1,62,3.5,17.2,17.2,6.9,40,0.31,0.30,55,26,9.1,15,8,1,13),
(639,'Jonathan Sanchez','Jonathan','Sanchez','L',30,'PIT',13.2,24,9.3,20.0,10.7,18.7,56,0.66,1.40,55,26,28.0,14,14,0,0),
(640,'Ervin Santana','Ervin','Santana','R',30,'KCR',211.0,44,3.0,18.7,5.9,6.9,31,0.87,1.15,71,23,8.6,11,124,14,11),
(641,'Hector Santiago','Hector','Santiago','L',25,'CHW',149.0,31,2.6,20.9,11.0,7.6,37,0.61,0.76,63,20,7.9,18,129,12,9),
(642,'Sergio Santos','Sergio','Santos','R',29,'TOR',25.2,59,1.1,31.1,4.4,5.6,46,1.00,1.33,63,14,3.8,10,14,3,21),
(643,'Joe Saunders','Joe','Saunders','L',32,'SEA',183.0,21,3.1,13.1,7.4,11.1,39,1.12,1.84,75,24,9.3,11,162,26,16),
(644,'Joe Savery','Joe','Savery','L',27,'PHI',20.0,29,1.2,16.3,12.8,4.7,27,1.22,1.65,69,18,4.5,19,16,1,6),
(645,'Rob Scahill','Rob','Scahill','R',26,'COL',33.1,53,3.4,13.4,6.0,10.7,40,0.88,1.58,72,28,9.3,8,27,4,15),
(646,'Tanner Scheppers','Tanner','Scheppers','R',26,'TEX',76.2,52,2.0,19.5,8.0,4.3,22,1.04,1.39,68,21,6.7,14,49,12,24),
(647,'Max Scherzer','Max','Scherzer','R',28,'DET',214.1,41,2.2,28.7,6.7,7.1,39,0.60,0.67,62,19,6.4,15,119,10,8),
(648,'Skip Schumaker','Skip','Schumaker','R',33,'LAD',2.0,58,0.0,8.3,25.0,8.3,33,0.60,0.25,67,38,0.0,0,2,0,0),
(649,'Evan Scribner','Evan','Scribner','R',27,'OAK',26.2,53,2.6,16.7,6.1,12.3,54,0.54,0.65,75,24,6.3,16,10,0,0),
(650,'Bryan Shaw','Bryan','Shaw','R',25,'CLE',75.0,53,1.3,23.1,8.9,4.1,22,0.75,0.97,64,24,4.2,17,70,7,10),
(651,'James Shields','James','Shields','R',31,'KCR',228.2,46,2.1,20.7,7.2,6.1,27,0.74,0.93,69,23,5.9,12,184,22,12),
(652,'Matt Shoemaker','Matt','Shoemaker','R',26,'LAA',5.0,32,0.0,26.3,10.5,0.0,0,0.71,1.00,63,25,0.0,0,4,0,0),
(653,'Kevin Siegrist','Kevin','Siegrist','L',23,'STL',39.2,52,0.7,32.9,11.8,3.3,29,0.71,0.70,54,24,2.5,17,28,1,4),
(654,'Alfredo Simon','Alfredo','Simon','R',32,'CIN',87.2,55,2.2,17.6,7.2,6.4,34,0.86,1.05,69,25,6.4,9,65,4,6),
(655,'Tony Sipp','Tony','Sipp','L',29,'ARI',37.2,50,3.4,24.0,12.6,9.1,46,0.32,0.41,57,24,9.5,19,32,1,3),
(656,'Tyler Skaggs','Tyler','Skaggs','L',21,'ARI',38.2,21,4.1,21.2,8.8,9.4,42,0.81,1.08,65,23,13.0,16,27,1,4),
(657,'Kevin Slowey','Kevin','Slowey','R',29,'MIA',92.0,51,3.0,19.2,4.6,10.1,38,0.44,0.48,71,25,6.8,12,71,5,7),
(658,'Burch Smith','Burch','Smith','R',23,'SDP',36.1,52,5.4,27.5,12.6,11.4,49,0.36,0.53,54,32,14.8,16,32,0,0),
(659,'Joe Smith','Joe','Smith','R',29,'CLE',63.0,51,1.9,20.9,8.9,4.6,22,1.04,1.32,66,20,6.8,14,48,7,15),
(660,'Will Smith','Will','Smith','L',23,'KCR',33.1,41,4.6,32.8,5.3,6.9,38,0.76,1.00,56,18,15.4,13,23,2,9),
(661,'Drew Smyly','Drew','Smyly','L',24,'DET',76.0,43,1.3,26.7,5.6,7.9,39,0.77,0.93,66,19,4.1,13,44,6,14),
(662,'Joakim Soria','Joakim','Soria','R',29,'TEX',23.2,51,2.0,27.7,13.9,3.0,17,1.07,1.26,54,19,10.5,30,20,3,15),
(663,'Rafael Soriano','Rafael','Soriano','R',33,'WSN',66.2,57,2.5,18.4,6.1,5.4,23,0.51,0.60,73,26,6.1,17,45,3,7),
(664,'Zeke Spruill','Zeke','Spruill','R',23,'ARI',11.1,49,5.5,16.4,9.1,10.9,35,0.65,0.79,65,23,16.7,22,11,1,9),
(665,'Craig Stammen','Craig','Stammen','R',29,'WSN',81.2,61,1.2,23.3,8.0,5.9,26,1.48,1.95,65,17,4.9,9,60,8,13),
(666,'Daniel Stange','Daniel','Stange','R',27,'LAA',1.2,33,11.1,11.1,22.2,11.1,50,0.50,1.00,56,17,25.0,0,3,0,0),
(667,'Tim Stauffer','Tim','Stauffer','R',31,'SDP',69.2,52,2.5,22.5,7.0,5.3,25,1.02,1.49,65,25,8.8,14,59,4,7),
(668,'Josh Stinson','Josh','Stinson','R',25,'BAL',17.0,63,6.4,19.1,4.8,7.9,50,0.88,1.44,68,19,16.7,4,9,2,22),
(669,'Drew Storen','Drew','Storen','R',25,'WSN',61.2,58,2.6,21.7,7.1,6.7,28,0.72,0.94,67,23,7.6,12,53,8,15),
(670,'Mickey Storey','Mickey','Storey','R',27,'TOR',4.0,53,0.0,31.6,5.3,15.8,50,0.33,0.50,63,33,0.0,0,4,0,0),
(671,'Dan Straily','Dan','Straily','R',24,'OAK',152.1,47,2.5,19.4,8.9,6.1,30,0.61,0.66,68,22,7.0,18,111,8,7),
(672,'Stephen Strasburg','Stephen','Strasburg','R',24,'WSN',183.0,53,2.2,26.1,7.7,4.5,24,1.05,1.35,62,21,7.9,11,129,21,16),
(673,'Huston Street','Huston','Street','R',29,'SDP',56.2,50,5.4,20.7,6.3,9.5,48,0.46,0.63,68,25,13.0,16,28,2,7),
(674,'Pedro Strop','Pedro','Strop','R',28,'TOT',57.1,57,2.0,26.0,10.2,7.5,42,0.97,1.61,56,26,7.6,10,47,3,6),
(675,'Pedro Strop','Pedro','Strop','R',28,'BAL',22.1,59,3.6,21.6,13.5,9.9,48,0.94,1.59,55,28,12.5,3,16,1,6),
(676,'Pedro Strop','Pedro','Strop','R',28,'CHC',35.0,57,0.7,29.4,7.7,5.6,36,1.00,1.63,57,26,2.9,15,31,2,6),
(677,'Eric Stults','Eric','Stults','L',33,'SDP',203.2,23,2.1,15.3,4.7,8.6,34,0.69,0.88,77,24,5.3,14,166,16,10),
(678,'Michael Stutes','Michael','Stutes','R',26,'PHI',17.2,60,1.3,12.0,10.7,6.7,36,0.69,0.59,75,14,4.3,28,15,1,7),
(679,'Eric Surkamp','Eric','Surkamp','L',25,'SFG',2.2,44,11.1,0.0,0.0,16.7,33,0.23,0.14,78,38,18.2,15,2,0,0),
(680,'Anthony Swarzak','Anthony','Swarzak','R',27,'MIN',96.0,52,1.8,17.8,5.7,5.4,24,0.83,1.03,74,21,4.8,9,69,9,13),
(681,'Hisanori Takahashi','Hisanori','Takahashi','L',38,'CHC',3.0,36,7.1,21.4,14.3,7.1,33,0.50,1.00,57,22,16.7,0,3,0,0),
(682,'Junichi Tazawa','Junichi','Tazawa','R',27,'BOS',68.1,55,3.2,25.4,4.2,9.2,37,0.51,0.70,66,32,7.9,12,49,2,4),
(683,'Everett Teaford','Everett','Teaford','L',29,'KCR',0.2,67,0.0,0.0,0.0,0.0,0,0.00,0.00,100,33,0.0,0,1,0,0),
(684,'Julio Teheran','Julio','Teheran','R',22,'ATL',185.2,51,2.8,22.0,5.8,7.4,33,0.62,0.82,67,22,8.0,17,128,6,5),
(685,'Nick Tepesch','Nick','Tepesch','R',24,'TEX',93.0,43,3.0,18.7,6.6,8.1,33,0.88,1.38,70,28,8.6,11,83,7,8),
(686,'Joe Thatcher','Joe','Thatcher','L',31,'TOT',39.1,59,2.4,22.0,6.1,5.5,23,0.57,0.91,68,25,6.2,10,33,5,15),
(687,'Joe Thatcher','Joe','Thatcher','L',31,'SDP',30.0,58,2.5,24.0,3.3,5.8,25,0.73,1.03,69,21,6.7,8,23,2,9),
(688,'Joe Thatcher','Joe','Thatcher','L',31,'ARI',9.1,63,2.3,16.3,14.0,4.7,17,0.22,0.62,65,37,5.0,13,10,3,30),
(689,'Dale Thayer','Dale','Thayer','R',32,'SDP',65.0,53,3.0,23.7,8.2,5.9,27,0.69,0.88,63,23,8.6,11,60,6,10),
(690,'Caleb Thielbar','Caleb','Thielbar','L',26,'MIN',46.0,48,2.3,22.8,8.2,8.2,58,0.36,0.43,67,22,5.9,20,29,2,7),
(691,'Tyler Thornburg','Tyler','Thornburg','R',24,'MIL',66.2,48,0.4,17.8,9.6,3.0,15,0.58,0.61,70,25,1.0,13,49,5,10),
(692,'Matt Thornton','Matt','Thornton','L',36,'TOT',43.1,48,2.1,16.0,8.0,4.8,19,1.00,1.61,71,19,7.0,16,44,6,14),
(693,'Matt Thornton','Matt','Thornton','L',36,'CHW',28.0,49,3.5,18.1,8.6,6.9,32,0.76,1.14,66,17,11.1,22,29,4,14),
(694,'Matt Thornton','Matt','Thornton','L',36,'BOS',15.1,45,0.0,12.7,7.0,1.4,5,1.50,3.11,77,21,0.0,5,15,2,13),
(695,'Chris Tillman','Chris','Tillman','R',25,'BAL',206.1,42,3.9,21.2,8.1,8.6,40,0.65,0.87,66,22,10.7,12,131,14,11),
(696,'Shawn Tolleson','Shawn','Tolleson','R',25,'LAD',0.0,100,0.0,0.0,100.0,0.0,NULL,NULL,NULL,0,NULL,NULL,NULL,2,0,0),
(697,'Josh Tomlin','Josh','Tomlin','R',28,'CLE',2.0,67,0.0,0.0,0.0,0.0,0,0.60,0.50,89,0,0.0,60,5,0,0),
(698,'Michael Tonkin','Michael','Tonkin','R',23,'MIN',11.1,40,0.0,21.3,6.4,6.4,33,0.75,0.60,72,21,0.0,20,7,1,14),
(699,'Alex Torres','Alex','Torres','L',25,'TBR',58.0,39,0.4,27.4,8.9,4.9,34,0.76,1.07,62,23,1.5,12,44,3,7),
(700,'Carlos Torres','Carlos','Torres','R',30,'NYM',86.1,61,4.3,21.3,4.8,7.4,33,0.79,1.16,67,22,11.7,9,59,5,8),
(701,'Ramon Troncoso','Ramon','Troncoso','R',30,'CHW',30.0,55,2.9,13.1,11.7,6.6,30,1.04,1.37,70,22,9.8,15,25,2,8),
(702,'Jacob Turner','Jacob','Turner','R',22,'MIA',118.0,54,2.1,15.0,10.5,7.4,33,0.89,1.20,70,25,6.1,9,78,8,10),
(703,'Koji Uehara','Koji','Uehara','R',38,'BOS',74.1,48,1.9,38.1,3.4,6.0,49,0.68,0.83,56,14,7.7,28,21,1,5),
(704,'Raul Valdes','Raul','Valdes','L',35,'PHI',35.0,34,4.6,24.3,5.3,13.2,48,0.45,0.56,64,27,11.7,15,30,2,7),
(705,'Jose Valverde','Jose','Valverde','R',35,'DET',19.1,43,7.1,22.6,7.1,8.3,39,0.68,0.86,61,16,22.2,21,16,1,6),
(706,'Jason Vargas','Jason','Vargas','L',30,'LAA',150.0,27,2.6,16.9,7.1,7.9,32,0.70,0.90,72,23,7.1,15,124,14,11),
(707,'Anthony Varvaro','Anthony','Varvaro','R',28,'ATL',73.1,57,1.0,14.1,8.2,5.9,27,0.91,1.21,76,27,2.7,9,55,7,13),
(708,'Donnie Veal','Donnie','Veal','L',28,'CHW',29.1,62,2.4,23.0,12.7,5.6,27,1.11,1.36,62,17,9.1,11,24,5,21),
(709,'Yordano Ventura','Yordano','Ventura','R',22,'KCR',15.1,27,4.7,17.2,9.4,6.3,31,1.04,1.33,69,13,15.8,17,8,4,50),
(710,'Jose Veras','Jose','Veras','R',32,'TOT',62.2,48,2.4,23.6,8.7,5.9,33,0.73,0.76,63,16,8.3,24,48,4,8),
(711,'Jose Veras','Jose','Veras','R',32,'HOU',43.0,50,2.4,26.0,8.3,5.3,31,0.81,0.95,61,18,9.1,24,35,4,11),
(712,'Jose Veras','Jose','Veras','R',32,'DET',19.2,45,2.4,18.8,9.4,7.1,38,0.59,0.48,67,13,7.1,24,13,0,0),
(713,'Justin Verlander','Justin','Verlander','R',30,'DET',218.1,41,2.1,23.5,8.1,6.6,29,0.64,0.76,66,24,6.0,16,163,15,9),
(714,'Carlos Villanueva','Carlos','Villanueva','R',29,'CHC',128.2,57,2.7,19.7,7.6,9.2,41,0.71,1.00,68,24,7.0,8,87,11,13),
(715,'Brayan Villarreal','Brayan','Villarreal','R',26,'TOT',4.1,69,3.5,20.7,31.0,17.2,63,0.86,0.75,41,14,14.3,0,8,1,13),
(716,'Brayan Villarreal','Brayan','Villarreal','R',26,'DET',4.1,68,3.6,21.4,28.6,17.9,63,0.86,0.75,43,14,14.3,0,8,1,13),
(717,'Brayan Villarreal','Brayan','Villarreal','R',26,'BOS',0.0,100,0.0,0.0,100.0,0.0,NULL,NULL,NULL,0,NULL,NULL,NULL,0,0,""),
(718,'Pedro Villarreal','Pedro','Villarreal','R',25,'CIN',5.2,53,12.5,12.5,9.4,15.6,39,0.39,1.17,66,40,25.0,11,6,1,17),
(719,'Nick Vincent','Nick','Vincent','R',26,'SDP',46.1,54,0.6,27.2,6.1,3.9,21,0.74,1.07,63,25,1.9,17,28,2,7),
(720,'Ryan Vogelsong','Ryan','Vogelsong','R',35,'SFG',103.2,55,3.2,14.4,8.1,8.6,32,0.70,0.97,72,30,8.2,11,86,8,9),
(721,'Edinson Volquez','Edinson','Volquez','R',29,'TOT',170.1,49,2.5,18.3,9.9,8.9,36,0.91,1.36,68,26,7.3,7,148,7,5),
(722,'Edinson Volquez','Edinson','Volquez','R',29,'SDP',142.1,49,2.1,17.6,10.5,9.0,35,0.92,1.34,68,25,6.4,8,133,6,5),
(723,'Edinson Volquez','Edinson','Volquez','R',29,'LAD',28.0,51,4.2,22.0,6.8,8.5,40,0.86,1.46,65,29,11.9,5,15,1,7),
(724,'Chris Volstad','Chris','Volstad','R',26,'COL',8.1,45,2.1,6.4,2.1,19.2,47,0.71,1.44,85,34,4.3,4,4,0,0),
(725,'Michael Wacha','Michael','Wacha','R',21,'STL',64.2,51,1.9,25.0,7.3,5.8,29,0.83,0.87,65,24,6.0,13,46,6,13),
(726,'Neil Wagner','Neil','Wagner','R',29,'TOR',38.0,57,3.1,20.5,8.1,6.8,28,0.85,1.22,66,24,10.0,17,29,6,21),
(727,'Adam Wainwright','Adam','Wainwright','R',31,'STL',241.2,50,1.6,22.9,3.7,6.8,29,0.97,1.54,70,27,5.0,12,149,32,21),
(728,'Jordan Walden','Jordan','Walden','R',25,'ATL',47.0,53,2.1,28.0,7.3,5.7,28,0.47,0.51,62,23,5.7,16,19,2,11),
(729,'Taijuan Walker','Taijuan','Walker','R',20,'SEA',15.0,35,0.0,20.0,6.7,8.3,46,0.59,0.68,73,23,0.0,26,6,0,0),
(730,'Josh Wall','Josh','Wall','R',26,'LAD',7.0,61,4.6,15.9,13.6,15.9,41,0.71,0.75,61,23,12.5,6,13,0,0),
(731,'P.J. Walters','P.J.','Walters','R',28,'MIN',39.1,51,2.7,12.0,9.8,9.8,35,0.72,0.92,75,21,6.8,11,33,6,18),
(732,'Chien-Ming Wang','Chien-Ming','Wang','R',33,'TOR',27.0,50,4.1,11.4,7.3,10.6,33,1.44,1.95,77,19,12.5,2,27,3,11),
(733,'Adam Warren','Adam','Warren','R',25,'NYY',77.0,48,3.0,19.3,9.1,8.2,34,0.88,1.16,68,23,8.9,10,66,10,15),
(734,'Tony Watson','Tony','Watson','L',28,'PIT',71.2,38,1.8,19.3,4.3,5.4,29,0.79,0.98,71,23,5.2,13,37,4,11),
(735,'Jered Weaver','Jered','Weaver','R',30,'LAA',154.1,38,2.7,18.5,5.8,7.9,36,0.45,0.59,72,24,6.5,19,100,12,12),
(736,'Daniel Webb','Daniel','Webb','R',23,'CHW',11.1,48,0.0,21.7,8.7,0.0,0,1.29,1.18,70,19,0.0,7,10,1,10),
(737,'Ryan Webb','Ryan','Webb','R',27,'MIA',80.1,58,1.5,16.3,8.1,6.9,33,1.31,1.72,70,18,5.8,17,68,9,13),
(738,'Thad Weber','Thad','Weber','R',28,'TOT',15.0,62,3.3,16.4,13.1,8.2,42,1.26,1.83,67,19,11.1,5,9,3,33),
(739,'Thad Weber','Thad','Weber','R',28,'SDP',9.0,71,2.9,17.1,14.3,5.7,40,1.40,1.50,66,17,10.0,0,4,1,25),
(740,'Thad Weber','Thad','Weber','R',28,'TOR',6.0,50,3.9,15.4,11.5,11.5,43,1.11,2.50,69,21,12.5,11,5,2,40),
(741,'Allen Webster','Allen','Webster','R',23,'BOS',30.1,46,4.8,15.9,12.4,9.0,35,0.79,0.94,66,20,14.3,14,40,1,3),
(742,'Duke Welker','Duke','Welker','R',27,'PIT',1.1,50,0.0,25.0,0.0,0.0,NULL,0.50,0.50,75,0,0.0,0,0,0,""),
(743,'Casper Wells','Casper','Wells','R',28,'TOT',1.2,42,0.0,8.3,33.3,8.3,33,0.40,0.33,58,43,0.0,20,1,0,0),
(744,'Casper Wells','Casper','Wells','R',28,'CHW',1.0,50,0.0,25.0,25.0,0.0,NULL,0.00,0.00,50,0,0.0,50,1,0,0),
(745,'Casper Wells','Casper','Wells','R',28,'PHI',0.2,38,0.0,0.0,37.5,12.5,33,0.67,1.00,63,60,0.0,0,0,0,""),
(746,'Jake Westbrook','Jake','Westbrook','R',35,'STL',116.2,53,1.3,8.4,9.6,5.9,24,1.34,1.93,77,24,4.3,7,118,20,17),
(747,'Zack Wheeler','Zack','Wheeler','R',23,'NYM',100.0,54,2.3,19.5,10.7,5.8,28,0.79,1.13,66,22,7.4,17,81,8,10),
(748,'Tom Wilhelmsen','Tom','Wilhelmsen','R',29,'SEA',59.0,50,0.8,17.9,13.2,4.0,22,0.75,0.89,67,24,2.3,8,48,4,8),
(749,'Jerome Williams','Jerome','Williams','R',31,'LAA',169.1,45,3.2,14.7,7.6,8.7,35,0.90,1.25,74,25,8.8,10,137,13,9),
(750,'Alex Wilson','Alex','Wilson','R',26,'BOS',27.2,47,0.0,17.3,11.0,8.7,32,0.44,0.94,71,32,0.0,13,31,6,19),
(751,'Brian Wilson','Brian','Wilson','R',31,'LAD',13.2,73,0.0,26.5,8.2,4.1,25,1.29,1.55,65,22,0.0,29,11,3,27),
(752,'C.J. Wilson','C.J.','Wilson','L',32,'LAA',212.1,22,1.6,20.6,9.3,6.6,30,0.81,1.04,67,23,4.9,10,163,16,10),
(753,'Justin Wilson','Justin','Wilson','L',25,'PIT',73.2,32,1.4,20.0,9.5,3.7,22,1.15,1.45,67,19,5.2,17,47,8,17),
(754,'Chris Withrow','Chris','Withrow','R',24,'LAD',34.2,64,3.7,32.1,9.7,3.7,25,0.59,0.76,54,26,12.2,16,18,3,17),
(755,'Ross Wolf','Ross','Wolf','R',30,'TEX',47.2,43,2.4,10.1,7.3,6.8,24,0.99,1.31,80,23,6.6,11,56,10,18),
(756,'Alex Wood','Alex','Wood','L',22,'ATL',77.2,30,0.9,23.6,8.3,5.5,24,0.96,1.48,65,25,3.1,12,69,8,12),
(757,'Blake Wood','Blake','Wood','R',27,'CLE',1.1,50,0.0,12.5,37.5,0.0,0,1.00,0.50,50,25,0.0,0,3,0,0),
(758,'Travis Wood','Travis','Wood','L',26,'CHC',200.0,24,2.2,17.5,8.0,6.9,35,0.51,0.64,70,25,5.6,17,117,15,13),
(759,'Rob Wooten','Rob','Wooten','R',27,'MIL',27.2,53,0.9,15.7,7.0,6.1,26,0.78,1.06,75,24,2.6,20,29,4,14),
(760,'Brandon Workman','Brandon','Workman','R',24,'BOS',41.2,43,2.8,26.1,8.3,7.2,30,0.68,0.83,62,21,8.3,13,33,1,3),
(761,'Vance Worley','Vance','Worley','R',25,'MIN',48.2,46,3.9,10.7,6.4,10.3,29,0.90,1.38,78,23,10.6,15,66,9,14),
(762,'Jamey Wright','Jamey','Wright','R',38,'TBR',70.0,40,1.4,22.6,8.0,5.2,25,1.05,1.46,65,21,4.6,6,49,5,10),
(763,'Steven Wright','Steven','Wright','R',28,'BOS',13.1,25,0.0,17.0,15.3,3.4,17,0.63,1.00,66,28,0.0,8,15,3,20),
(764,'Wesley Wright','Wesley','Wright','L',28,'TOT',53.2,53,3.0,23.7,8.2,9.5,41,1.10,1.92,63,21,10.1,5,41,4,10),
(765,'Wesley Wright','Wesley','Wright','L',28,'HOU',41.1,52,2.7,21.7,8.7,9.2,38,0.98,1.59,65,21,8.6,6,37,3,8),
(766,'Wesley Wright','Wesley','Wright','L',28,'TBR',12.1,58,4.2,31.3,6.3,10.4,56,1.73,4.50,58,20,18.2,0,4,1,25),
(767,'Mike Zagurski','Mike','Zagurski','L',30,'TOT',6.1,38,2.5,12.5,20.0,5.0,18,1.09,1.33,58,16,10.0,9,11,0,0),
(768,'Mike Zagurski','Mike','Zagurski','L',30,'PIT',6.0,35,2.7,13.5,21.6,5.4,20,1.33,1.60,57,13,12.5,11,11,0,0),
(769,'Mike Zagurski','Mike','Zagurski','L',30,'NYY',0.1,67,0.0,0.0,0.0,0.0,0,0.00,0.00,67,50,0.0,0,0,0,""),
(770,'Josh Zeid','Josh','Zeid','R',26,'HOU',27.2,56,2.5,20.3,10.2,5.9,27,1.03,1.19,65,25,8.1,5,18,3,17),
(771,'Brad Ziegler','Brad','Ziegler','R',33,'ARI',73.0,54,1.0,14.8,7.4,4.7,23,2.43,3.17,75,19,5.0,8,58,8,14),
(772,'Jordan Zimmermann','Jordan','Zimmermann','R',27,'WSN',213.1,48,2.2,18.6,4.6,8.1,37,0.92,1.36,73,23,6.7,15,122,18,15),
(773,'Barry Zito','Barry','Zito','L',35,'SFG',133.1,22,3.1,14.1,8.9,9.1,32,0.58,0.79,72,30,7.5,12,124,15,12)