(1,'David Aardsma','David','Aardsma',31,'NYN',39.2,64,3.90,20.20,10.70,8.40,39,0.51,0.63,62,28,10.00,9,37,2,5),
(2,'Fernando Abad','Fernando','Abad',27,'WAS',37.2,39,1.80,19.30,6.00,5.40,21,0.67,0.56,72,24,5.50,25,26,0,0),
(3,'Alfredo Aceves','Alfredo','Aceves',30,'BOS',37,36,4.70,14.20,13.00,11.20,45,0.92,1.32,68,23,14.30,11,42,4,10),
(4,'Mike Adams','Mike','Adams',34,'PHI',25,63,4.70,21.50,10.30,7.50,35,1.15,1.63,63,15,20.80,27,17,2,12),
(5,'Jeremy Affeldt','Jeremy','Affeldt',34,'SFN',33.2,45,1.40,14.40,11.60,4.10,22,1.2,1.63,67,25,4.80,7,29,3,10),
(6,'Andrew Albers','Andrew','Albers',27,'MIN',60,25,2.40,10.00,2.80,7.60,30,0.79,1.09,83,21,6.00,15,47,8,17),
(7,'Matt Albers','Matt','Albers',30,'CLE',63,56,0.80,13.40,8.80,4.20,19,1.84,2.6,76,21,3.00,4,57,9,16),
(8,'Al Alburquerque','Al','Alburquerque',27,'DET',49,58,2.30,31.80,15.50,5.50,31,0.68,0.93,50,27,8.80,16,46,3,7),
(9,'Cody Allen','Cody','Allen',24,'CLE',70.1,55,2.30,29.20,8.60,7.30,36,0.46,0.54,58,26,6.60,14,54,2,4),
(10,'Henderson Alvarez','Henderson','Alvarez',23,'MIA',102.2,50,0.50,13.60,6.50,7.70,36,1.15,1.61,78,23,1.50,9,69,11,16),
(11,'Jose Alvarez','Jose','Alvarez',24,'DET',38.2,31,4.10,18.00,9.30,10.50,43,0.68,1.18,66,23,10.90,10,28,4,14),
(12,'Hector Ambriz','Hector','Ambriz',29,'HOU',36.1,61,4.70,15.80,8.20,9.40,32,0.86,1.38,71,20,13.10,12,37,6,16),
(13,'Steve Ames','Steve','Ames',25,'MIA',4,58,0.00,21.10,10.50,5.30,17,1.4,3,63,23,0.00,0,3,1,33),
(14,'Brett Anderson','Brett','Anderson',25,'OAK',44.2,26,2.50,23.00,10.50,7.50,29,1.64,3.05,64,17,10.60,6,46,6,13),
(15,'Chris Archer','Chris','Archer',24,'TBA',128.2,40,2.90,19.20,7.20,6.50,32,0.9,1.1,69,22,8.60,12,72,11,15),
(16,'Jake Arrieta','Jake','Arrieta',27,'TOT',75.1,48,2.80,18.50,12.70,8.30,46,0.7,0.98,64,23,8.40,14,55,5,9),
(17,'Jake Arrieta','Jake','Arrieta',27,'BAL',23.2,43,1.80,20.70,15.30,9.00,40,0.5,0.88,60,28,4.90,11,23,3,13),
(18,'Jake Arrieta','Jake','Arrieta',27,'CHN',51.2,51,3.30,17.40,11.30,8.00,50,0.82,1.02,66,21,10.60,16,32,2,6),
(19,'Bronson Arroyo','Bronson','Arroyo',36,'CIN',202,49,3.90,15.10,4.10,9.10,38,0.84,1.11,76,27,10.20,11,125,13,10),
(20,'Jairo Asencio','Jairo','Asencio',30,'BAL',2.1,67,8.30,33.30,16.70,16.70,67,2,NULL,42,33,50.00,0,4,0,0),
(21,'Scott Atchison','Scott','Atchison',37,'NYN',45.1,63,2.10,14.40,6.20,4.60,20,0.92,1.12,76,21,5.50,6,35,1,3),
(22,'Phillippe Aumont','Phillippe','Aumont',24,'PHI',19.1,63,0.00,20.00,13.70,6.30,25,0.97,2.17,63,35,0.00,0,28,3,11),
(23,'Luis Avilan','Luis','Avilan',23,'ATL',65,45,0.40,14.80,8.60,3.10,20,1.39,1.63,74,19,1.40,13,38,4,11),
(24,'Dylan Axelrod','Dylan','Axelrod',27,'CHA',128.1,39,4.10,12.50,7.30,9.60,33,0.7,0.81,75,23,10.10,13,116,11,9),
(25,'John Axford','John','Axford',30,'TOT',65,55,3.50,22.50,9.00,6.90,27,0.86,1.17,63,27,10.30,5,50,4,8),
(26,'John Axford','John','Axford',30,'MIL',54.2,53,4.10,22.00,9.40,7.40,29,0.82,1.08,63,28,11.90,6,44,2,5),
(27,'John Axford','John','Axford',30,'SLN',10.1,66,0.00,25.00,6.80,4.60,18,1.15,1.86,64,24,0.00,0,6,2,33),
(28,'Luis Ayala','Luis','Ayala',35,'TOT',33,64,1.40,15.40,9.10,5.60,21,1.4,2.45,73,21,5.30,16,30,7,23),
(29,'Luis Ayala','Luis','Ayala',35,'BAL',2,60,10.00,20.00,0.00,20.00,50,1,NULL,70,38,25.00,0,1,0,0),
(30,'Luis Ayala','Luis','Ayala',35,'ATL',31,65,0.80,15.00,9.80,4.50,18,1.44,2.27,74,20,2.90,17,29,7,24),
(31,'Burke Badenhop','Burke','Badenhop',30,'MIL',62.1,64,2.40,16.50,4.70,6.30,26,1.16,1.69,74,19,7.80,13,51,7,14),
(32,'Andrew Bailey','Andrew','Bailey',29,'BOS',28.2,47,6.00,33.60,10.30,8.60,44,0.37,0.59,49,22,18.40,17,27,3,11),
(33,'Homer Bailey','Homer','Bailey',27,'CIN',209,50,2.40,23.40,6.40,7.20,34,0.88,1.11,66,26,7.50,13,126,17,13),
(34,'Scott Baker','Scott','Baker',31,'CHN',15,61,5.30,10.50,7.00,10.50,67,0.39,0.46,75,11,10.00,9,6,0,0),
(35,'Grant Balfour','Grant','Balfour',35,'OAK',62.2,47,2.70,27.50,10.30,5.00,27,0.64,0.73,59,24,8.40,15,53,2,4),
(36,'Daniel Bard','Daniel','Bard',28,'BOS',1,33,0.00,16.70,33.30,0.00,0,0.5,1,50,33,0.00,0,1,0,0),
(37,'Scott Barnes','Scott','Barnes',25,'CLE',8.2,47,7.90,26.30,7.90,13.20,63,0.77,1.29,53,26,23.10,0,5,0,0),
(38,'Anthony Bass','Anthony','Bass',25,'SDN',42,53,2.10,16.10,10.40,8.80,33,0.87,1.26,71,27,6.20,13,44,4,9),
(39,'Antonio Bastardo','Antonio','Bastardo',27,'PHI',42.2,39,1.10,26.30,11.70,6.20,33,0.48,0.61,58,18,3.60,23,35,4,11),
(40,'Trevor Bauer','Trevor','Bauer',22,'CLE',17,51,3.70,13.60,19.80,8.60,47,0.55,0.56,62,21,10.70,15,21,0,0),
(41,'Brandon Beachy','Brandon','Beachy',26,'ATL',30,57,4.20,19.20,3.30,10.00,44,0.71,0.86,72,16,10.60,10,16,0,0),
(42,'Pedro Beato','Pedro','Beato',26,'BOS',10,54,2.20,10.90,4.40,4.40,17,0.41,0.2,80,24,4.30,15,5,0,0),
(43,'Blake Beavan','Blake','Beavan',24,'SEA',39.2,56,4.60,15.50,4.60,8.60,33,0.64,0.82,74,21,11.00,12,26,1,4),
(44,'Josh Beckett','Josh','Beckett',33,'LAN',43.1,50,4.10,21.00,7.70,10.30,40,0.66,1.02,64,24,10.70,6,35,2,6),
(45,'Erik Bedard','Erik','Bedard',34,'HOU',151,24,2.70,20.80,11.30,8.10,36,0.59,0.74,64,20,8.50,21,149,15,10),
(46,'Mike Belfiore','Mike','Belfiore',24,'BAL',1.1,14,28.60,0.00,14.30,28.60,67,0.5,3,57,17,66.70,25,1,1,100),
(47,'Ronald Belisario','Ronald','Belisario',30,'LAN',68,67,1.00,16.30,9.30,6.30,26,1.62,2.4,71,22,3.90,7,63,9,14),
(48,'Matt Belisle','Matt','Belisle',33,'COL',73,60,2.00,20.60,5.00,8.30,33,0.95,1.66,72,30,5.80,8,52,8,15),
(49,'Jeff Beliveau','Jeff','Beliveau',26,'TBA',0.2,75,0.00,0.00,25.00,25.00,100,0.5,1,75,33,0.00,0,0,0,NULL),
(50,'Heath Bell','Heath','Bell',35,'ARI',65.2,60,4.20,25.10,5.60,9.80,38,0.77,1,63,25,12.80,14,60,5,8),
(51,'Duane Below','Duane','Below',27,'MIA',2.2,40,0.00,13.30,13.30,6.70,17,0.57,1.5,73,27,0.00,14,4,0,0),
(52,'Joaquin Benoit','Joaquin','Benoit',35,'DET',67,43,1.90,27.60,8.30,6.00,34,0.73,1.05,60,20,6.40,17,40,3,8),
(53,'Dellin Betances','Dellin','Betances',25,'NYA',5,69,3.90,38.50,7.70,7.70,22,0.56,0.25,50,36,12.50,11,5,0,0),
(54,'Rafael Betancourt','Rafael','Betancourt',38,'COL',28.2,55,1.60,22.00,8.90,7.30,35,0.52,0.64,65,19,4.40,17,22,0,0),
(55,'Chad Bettis','Chad','Bettis',24,'COL',44.2,48,2.90,14.40,9.60,9.10,35,0.9,1.3,71,24,8.60,13,54,2,4),
(56,'Chad Billingsley','Chad','Billingsley',28,'LAN',12,39,2.00,12.20,10.20,6.10,25,0.71,1.31,71,26,5.60,14,13,3,23),
(57,'Vic Black','Vic','Black',25,'TOT',17,58,1.30,19.70,7.90,6.60,29,0.43,0.54,68,25,3.20,16,16,1,6),
(58,'Vic Black','Vic','Black',25,'PIT',4,67,0.00,14.30,9.50,9.50,33,0.88,1.25,71,20,0.00,0,6,0,0),
(59,'Vic Black','Vic','Black',25,'NYN',13,55,1.80,21.80,7.30,5.50,27,0.31,0.4,67,26,4.30,21,10,1,10),
(60,'Travis Blackley','Travis','Blackley',30,'TOT',50.1,38,5.70,19.00,10.40,8.50,39,0.82,1.12,64,22,18.50,18,38,6,16),
(61,'Travis Blackley','Travis','Blackley',30,'HOU',35,43,6.60,19.10,13.20,8.60,43,0.75,1,60,21,20.80,14,27,3,11),
(62,'Travis Blackley','Travis','Blackley',30,'TEX',15.1,25,3.40,18.60,3.40,8.50,31,1,1.43,75,26,11.80,26,11,3,27),
(63,'Joe Blanton','Joe','Blanton',32,'LAA',132.2,45,4.80,17.70,5.60,11.30,38,0.79,1.16,71,26,12.30,7,114,9,8),
(64,'Michael Blazek','Michael','Blazek',24,'TOT',17.1,57,3.60,16.70,15.50,6.00,31,0.77,0.65,62,14,12.50,23,24,0,0),
(65,'Michael Blazek','Michael','Blazek',24,'SLN',10.1,60,3.90,19.20,19.20,5.80,30,0.94,0.91,56,13,14.30,13,14,0,0),
(66,'Michael Blazek','Michael','Blazek',24,'MIL',7,53,3.10,12.50,9.40,6.30,33,0.6,0.42,72,16,10.00,33,10,0,0),
(67,'Jerry Blevins','Jerry','Blevins',29,'OAK',60,44,2.90,21.20,6.90,7.40,38,0.45,0.63,66,25,7.80,21,48,3,6),
(68,'Mitchell Boggs','Mitchell','Boggs',29,'TOT',23.1,53,4.20,13.30,16.70,9.20,39,1.19,1.84,62,25,15.60,11,32,4,13),
(69,'Mitchell Boggs','Mitchell','Boggs',29,'SLN',14.2,46,3.70,13.40,18.30,7.30,29,1,1.75,60,28,13.00,12,26,3,12),
(70,'Mitchell Boggs','Mitchell','Boggs',29,'COL',8.2,66,5.30,13.20,13.20,13.20,71,1.7,2,66,19,22.20,10,6,1,17),
(71,'Jeremy Bonderman','Jeremy','Bonderman',30,'TOT',55,44,2.90,13.00,11.00,11.00,47,0.74,0.98,72,26,7.30,9,41,6,15),
(72,'Jeremy Bonderman','Jeremy','Bonderman',30,'SEA',38.1,39,2.40,9.40,10.00,11.20,48,0.79,0.94,77,26,6.00,11,26,3,12),
(73,'Jeremy Bonderman','Jeremy','Bonderman',30,'DET',16.2,54,4.00,21.10,13.20,10.50,44,0.63,1.13,61,26,10.30,3,15,3,20),
(74,'Chris Bootcheck','Chris','Bootcheck',34,'NYA',1,57,0.00,14.30,28.60,0.00,0,1,1,57,25,0.00,50,2,0,0),
(75,'Buddy Boshers','Buddy','Boshers',25,'LAA',15.1,59,0.00,20.60,12.70,4.80,23,0.78,1.14,65,27,0.00,13,11,2,18),
(76,'Michael Bowden','Michael','Bowden',26,'CHN',37.2,53,1.90,14.60,9.50,8.20,41,0.46,0.66,70,28,4.90,20,31,3,10),
(77,'Brad Boxberger','Brad','Boxberger',25,'SDN',22,60,3.20,25.50,13.80,6.40,32,0.79,1.05,54,19,11.50,10,23,2,9),
(78,'Brad Brach','Brad','Brach',27,'SDN',31,52,2.10,22.00,13.50,6.40,25,0.64,0.79,62,22,6.30,13,32,3,9),
(79,'Ryan Brasier','Ryan','Brasier',25,'LAA',9,57,2.90,20.00,11.40,2.90,14,0.6,0.46,66,25,7.70,13,7,1,14),
(80,'Craig Breslow','Craig','Breslow',32,'BOS',59.2,43,1.30,13.90,7.60,8.00,39,0.81,1.01,76,21,3.60,17,44,7,16),
(81,'Charles Brewer','Charles','Brewer',25,'ARI',6,67,0.00,18.50,7.40,7.40,25,0.82,1.6,74,25,0.00,18,5,1,20),
(82,'Drake Britton','Drake','Britton',24,'BOS',21,51,1.20,20.20,8.30,6.00,24,0.88,1.05,70,25,3.70,16,26,3,12),
(83,'Zach Britton','Zach','Britton',25,'BAL',40,30,2.20,9.90,9.30,6.60,23,1.38,1.73,77,22,7.30,8,39,6,15),
(84,'Rex Brothers','Rex','Brothers',25,'COL',67.1,31,1.80,27.10,12.80,5.00,28,0.98,1.24,58,21,6.90,14,47,8,17),
(85,'Jonathan Broxton','Jonathan','Broxton',29,'CIN',30.2,56,3.00,18.80,9.00,6.80,33,0.86,1.06,65,24,8.90,8,28,3,11),
(86,'Clay Buchholz','Clay','Buchholz',28,'BOS',108.1,44,1.00,23.10,8.70,4.80,27,0.92,1.37,67,21,3.10,11,79,14,18),
(87,'Billy Buckner','Billy','Buckner',29,'LAA',17.1,45,6.90,9.60,9.60,11.00,47,0.54,0.76,71,28,14.30,5,18,3,17),
(88,'Mark Buehrle','Mark','Buehrle',34,'TOR',203.2,25,2.70,15.90,5.80,8.60,34,0.89,1.05,74,22,7.90,13,164,15,9),
(89,'Francisley Bueno','Francisley','Bueno',32,'KCA',8.1,48,0.00,16.10,6.50,3.20,25,1.1,1.86,74,17,0.00,30,9,1,11),
(90,'Madison Bumgarner','Madison','Bumgarner',23,'SFN',201.1,21,1.90,24.80,7.70,5.40,30,0.89,1.24,64,22,6.40,15,129,15,12),
(91,'Hiram Burgos','Hiram','Burgos',25,'MIL',29.1,53,3.60,13.00,7.90,10.10,37,0.69,0.71,73,13,8.90,10,29,1,3),
(92,'Greg Burke','Greg','Burke',30,'NYN',31.2,64,1.90,18.00,9.60,9.60,35,1.12,1.23,69,20,6.70,13,30,2,7),
(93,'A.J. Burnett','A.J.','Burnett',36,'PIT',191,51,1.40,26.10,8.40,6.10,30,1.35,1.9,62,22,5.40,3,138,13,9),
(94,'Alex Burnett','Alex','Burnett',25,'TOT',2.1,50,0.00,14.30,14.30,14.30,40,0.43,0.67,71,30,0.00,29,2,0,0),
(95,'Alex Burnett','Alex','Burnett',25,'BAL',1.1,50,0.00,20.00,20.00,20.00,50,0.2,1,60,50,0.00,20,1,0,0),
(96,'Alex Burnett','Alex','Burnett',25,'CHN',1,50,0.00,0.00,0.00,0.00,0,1,0.5,100,0,0.00,50,1,0,0),
(97,'Sean Burnett','Sean','Burnett',30,'LAA',9.2,40,2.50,17.50,10.00,2.50,11,1.7,2.67,65,14,11.10,10,9,2,22),
(98,'Cory Burns','Cory','Burns',25,'TEX',11.1,48,1.90,9.30,13.00,7.40,33,0.52,0.33,74,12,5.60,33,19,1,5),
(99,'Jared Burton','Jared','Burton',32,'MIN',66,52,2.10,21.70,7.80,7.50,34,0.75,1.03,66,19,7.10,21,46,5,11),
(100,'Dave Bush','Dave','Bush',33,'TOR',3,53,26.70,6.70,6.70,26.70,80,0.3,0.33,60,8,44.40,10,1,0,0),
(101,'Keith Butler','Keith','Butler',24,'SLN',20,54,0.00,18.80,12.90,7.10,46,0.36,0.42,67,21,0.00,19,17,0,0),
(102,'Tim Byrdak','Tim','Byrdak',39,'NYN',4.2,57,9.50,14.30,9.50,19.10,80,0.6,0.83,67,13,33.30,40,3,0,0),
(103,'Cesar Cabral','Cesar','Cabral',24,'NYA',3.2,60,0.00,40.00,6.70,0.00,0,0.4,1.5,47,57,0.00,0,5,1,20),
(104,'Alberto Cabrera','Alberto','Cabrera',24,'CHN',6,70,0.00,13.30,16.70,16.70,71,0.58,0.75,67,40,0.00,8,4,1,25),
(105,'Trevor Cahill','Trevor','Cahill',25,'ARI',146.2,48,2.00,16.00,10.20,7.20,32,1.32,1.91,69,22,7.10,5,113,14,12),
(106,'Matt Cain','Matt','Cain',28,'SFN',184.1,55,3.00,20.80,7.20,7.90,38,0.61,0.81,68,25,8.20,14,118,9,8),
(107,'Arquimedes Caminero','Arquimedes','Caminero',26,'MIA',13,56,3.90,23.10,5.80,3.90,20,0.33,0.35,65,22,9.50,22,10,1,10),
(108,'Shawn Camp','Shawn','Camp',37,'CHN',23,60,6.50,12.00,8.30,12.00,38,0.95,1,71,16,18.90,14,25,3,12),
(109,'Carter Capps','Carter','Capps',22,'SEA',59,59,4.40,24.40,8.50,10.00,37,0.67,0.83,61,26,14.30,21,55,2,4),
(110,'Chris Capuano','Chris','Capuano',34,'LAN',105.2,26,2.40,17.70,5.30,9.20,34,0.87,1.3,73,22,6.50,8,78,11,14),
(111,'David Carpenter','David','Carpenter',27,'ATL',65.2,61,2.00,28.90,7.80,4.30,24,0.62,0.85,59,26,6.10,15,52,5,10),
(112,'David Carpenter','David','Carpenter',25,'LAA',0.1,80,20.00,20.00,40.00,20.00,50,1,NULL,20,0,100.00,0,2,0,0),
(113,'Carlos Carrasco','Carlos','Carrasco',26,'CLE',46.2,49,1.80,13.80,8.30,9.20,31,0.99,1.37,75,24,5.20,8,50,6,12),
(114,'Jamey Carroll','Jamey','Carroll',39,'MIN',1,0,0.00,0.00,0.00,0.00,NULL,0.5,0.5,100,33,0.00,0,0,0,NULL),
(115,'Robert Carson','Robert','Carson',24,'NYN',19.2,43,10.20,9.10,8.00,12.50,52,0.58,0.69,70,17,22.50,11,16,0,0),
(116,'Andrew Cashner','Andrew','Cashner',26,'SDN',175,50,1.70,18.10,6.70,6.80,32,1.12,1.52,72,21,5.40,9,106,13,12),
(117,'Santiago Casilla','Santiago','Casilla',32,'SFN',50,62,1.00,18.30,12.00,5.30,28,1.16,1.71,67,21,3.50,11,42,8,19),
(118,'Simon Castro','Simon','Castro',25,'CHA',6.2,61,3.60,21.40,10.70,3.60,20,0.31,0.44,57,22,14.30,46,11,0,0),
(119,'Brett Cecil','Brett','Cecil',26,'TOR',60.2,49,1.60,28.00,9.20,5.60,32,1.08,1.44,59,22,6.30,11,36,1,3),
(120,'Xavier Cedeno','Xavier','Cedeno',26,'TOT',12.1,52,0.00,15.00,13.30,5.00,20,1.5,2.5,67,17,0.00,19,22,4,18),
(121,'Xavier Cedeno','Xavier','Cedeno',26,'HOU',6.1,43,0.00,8.10,18.90,8.10,30,1.18,2.2,65,24,0.00,18,18,3,17),
(122,'Xavier Cedeno','Xavier','Cedeno',26,'WAS',6,65,0.00,26.10,4.40,0.00,0,2.2,3,70,6,0.00,20,4,1,25),
(123,'Jhoulys Chacin','Jhoulys','Chacin',25,'COL',197.1,52,1.40,15.40,7.50,7.60,33,0.91,1.32,75,27,3.80,11,165,30,18),
(124,'Joba Chamberlain','Joba','Chamberlain',27,'NYA',42,53,4.00,19.20,13.10,6.60,28,0.76,0.93,63,23,11.60,7,42,2,5),
(125,'Aroldis Chapman','Aroldis','Chapman',25,'CIN',63.2,22,2.70,43.40,11.20,3.90,27,0.51,0.63,41,33,11.50,19,32,2,6),
(126,'Kevin Chapman','Kevin','Chapman',25,'HOU',20.1,48,1.20,17.20,14.90,4.60,31,0.66,0.84,63,21,3.40,9,19,2,11),
(127,'Tyler Chatwood','Tyler','Chatwood',23,'COL',111.1,55,1.10,13.90,8.60,5.70,23,1.46,2.3,75,22,3.70,8,91,17,19),
(128,'Jesse Chavez','Jesse','Chavez',29,'OAK',57.1,45,1.20,22.20,8.10,4.80,24,0.79,0.8,65,20,4.30,23,54,1,2),
(129,'Bruce Chen','Bruce','Chen',36,'KCA',121,34,2.60,15.70,7.20,7.00,33,0.39,0.49,73,23,6.10,21,87,5,6),
(130,'Wei-Yin Chen','Wei-Yin','Chen',27,'BAL',137,24,3.00,18.20,6.80,9.30,37,0.54,0.77,71,27,7.30,15,102,18,18),
(131,'Randy Choate','Randy','Choate',37,'SLN',35.1,70,0.00,19.90,7.80,4.30,23,2.17,2.71,70,16,0.00,7,28,6,21),
(132,'Nick Christiani','Nick','Christiani',25,'CIN',4,69,6.30,6.30,12.50,6.30,50,0.71,1.2,69,33,25.00,43,4,1,25),
(133,'Tony Cingrani','Tony','Cingrani',23,'CIN',104.2,26,3.30,28.60,10.20,7.90,46,0.54,0.67,56,23,10.80,20,71,7,10),
(134,'Steve Cishek','Steve','Cishek',27,'MIA',69.2,47,1.10,26.30,7.80,4.60,25,1.16,1.51,63,21,4.10,10,48,5,10),
(135,'Jose Cisnero','Jose','Cisnero',24,'HOU',43.2,52,2.50,20.70,11.10,10.10,41,0.64,0.89,65,24,6.90,11,39,2,5),
(136,'Preston Claiborne','Preston','Claiborne',25,'NYA',50.1,51,3.30,19.60,6.50,7.50,31,0.81,1.06,69,18,10.10,19,47,3,6),
(137,'Zach Clark','Zach','Clark',29,'BAL',1.2,40,0.00,10.00,20.00,10.00,33,0.75,1,70,29,0.00,0,3,0,0),
(138,'Paul Clemens','Paul','Clemens',25,'HOU',73.1,50,5.00,15.20,8.10,11.20,44,0.59,0.67,71,19,11.90,14,46,5,11),
(139,'Maikel Cleto','Maikel','Cleto',24,'SLN',2.1,60,6.70,33.30,6.70,6.70,20,0.17,1,40,57,16.70,0,2,0,0),
(140,'Tyler Clippard','Tyler','Clippard',28,'WAS',71,49,3.30,26.60,8.70,4.70,35,0.4,0.39,59,21,9.80,25,41,2,5),
(141,'Tyler Cloyd','Tyler','Cloyd',26,'PHI',60.1,50,2.50,14.50,8.90,12.80,43,0.7,1.03,73,24,6.30,8,51,7,14),
(142,'Alex Cobb','Alex','Cobb',25,'TBA',143.1,39,2.30,23.20,7.80,6.40,31,1.31,1.98,66,21,8.60,10,85,15,18),
(143,'Robert Coello','Robert','Coello',28,'LAA',17,55,1.40,31.50,11.00,4.10,21,0.38,0.27,55,21,4.20,17,16,0,0),
(144,'Phil Coke','Phil','Coke',30,'DET',38.1,50,1.70,17.00,11.90,9.00,37,0.85,1.24,67,18,5.00,8,40,5,13),
(145,'Gerrit Cole','Gerrit','Cole',22,'PIT',117.1,55,1.50,21.30,6.00,4.70,20,1.01,1.6,70,26,4.60,7,88,15,17),
(146,'Louis Coleman','Louis','Coleman',27,'KCA',29.2,66,0.90,29.10,5.50,3.60,21,0.71,1.11,63,27,2.60,5,18,5,28),
(147,'Tim Collins','Tim','Collins',23,'KCA',53.1,50,1.30,22.30,12.00,6.00,29,0.64,0.81,64,22,3.80,14,55,3,5),
(148,'Josh Collmenter','Josh','Collmenter',27,'ARI',92,61,2.10,22.10,8.60,6.00,29,0.5,0.65,65,22,6.20,21,67,4,6),
(149,'Alex Colome','Alex','Colome',24,'TBA',16,46,2.80,16.90,12.70,7.00,36,0.81,1.12,66,18,8.30,11,22,3,14),
(150,'Bartolo Colon','Bartolo','Colon',40,'OAK',190.1,47,1.80,15.20,3.80,5.90,23,0.74,0.88,79,24,4.60,13,151,21,14),
(151,'Jose Contreras','Jose','Contreras',41,'PIT',5,50,3.60,17.90,21.40,7.10,29,1.29,2.33,57,29,14.30,0,10,0,0),
(152,'Ryan Cook','Ryan','Cook',26,'OAK',67.1,55,0.70,22.80,8.50,4.40,21,0.84,0.97,67,24,2.20,16,53,2,4),
(153,'Patrick Corbin','Patrick','Corbin',23,'ARI',208.1,22,2.20,20.70,6.30,7.40,34,0.89,1.14,69,25,6.60,10,131,10,8),
(154,'Manny Corpas','Manny','Corpas',30,'COL',41.2,60,2.80,16.90,9.00,7.90,35,0.81,1.35,70,25,8.10,11,32,5,16),
(155,'Kevin Correia','Kevin','Correia',32,'MIN',185.1,50,3.00,12.80,5.70,9.00,33,0.8,1.16,78,25,7.50,10,142,26,18),
(156,'Jarred Cosart','Jarred','Cosart',23,'HOU',60,40,1.20,13.40,14.20,4.50,24,1.23,1.82,71,21,4.10,8,56,12,21),
(157,'Neal Cotts','Neal','Cotts',33,'TEX',57,49,0.90,29.20,8.10,4.50,28,0.81,1.14,61,27,3.20,17,36,2,6),
(158,'Jesse Crain','Jesse','Crain',31,'CHA',36.2,49,0.00,30.30,7.20,4.00,19,0.59,0.63,61,23,0.00,22,31,1,3),
(159,'Aaron Crow','Aaron','Crow',26,'KCA',48,52,2.90,21.00,10.50,7.60,33,1.03,1.2,64,20,9.40,6,51,5,10),
(160,'Rhiner Cruz','Rhiner','Cruz',26,'HOU',21.1,50,2.00,10.20,11.20,7.10,28,0.48,0.39,73,23,5.40,26,27,2,7),
(161,'Johnny Cueto','Johnny','Cueto',27,'CIN',60.2,55,2.90,21.10,7.40,5.80,30,1.07,1.63,67,28,9.20,6,36,6,17),
(162,'Brandon Cumpton','Brandon','Cumpton',24,'PIT',30.2,52,0.80,17.70,4.00,3.20,15,1.19,1.19,75,21,2.60,9,19,0,0),
(163,'Matt Daley','Matt','Daley',31,'NYA',6,62,0.00,38.10,0.00,9.50,100,1.4,2.33,57,17,0.00,20,1,0,0),
(164,'John Danks','John','Danks',28,'CHA',138.1,27,4.80,15.30,4.60,9.60,37,0.72,0.94,74,24,11.80,11,93,9,10),
(165,'Yu Darvish','Yu','Darvish',26,'TEX',209.2,39,3.10,32.90,9.50,5.80,34,0.72,0.91,54,22,11.10,15,141,17,12),
(166,'Erik Davis','Erik','Davis',26,'WAS',8.2,61,0.00,31.60,2.60,10.50,40,1,1.8,63,32,0.00,8,8,0,0),
(167,'Wade Davis','Wade','Davis',27,'KCA',135.1,46,2.40,18.50,9.40,7.40,27,0.71,0.99,69,27,6.80,14,129,15,12),
(168,'Justin De Fratus','Justin','De Fratus',25,'PHI',46.2,71,1.40,20.20,12.00,5.80,27,0.82,0.94,63,26,4.90,16,58,6,10),
(169,'Dane De La Rosa','Dane','De La Rosa',30,'LAA',72.1,51,1.00,22.30,9.60,3.10,16,1.08,1.35,66,20,3.80,16,64,8,13),
(170,'Eury De La Rosa','Eury','De La Rosa',23,'ARI',14.2,47,8.10,25.80,8.10,11.30,54,0.6,1,56,22,25.00,20,6,0,0),
(171,'Jorge De La Rosa','Jorge','De La Rosa',32,'COL',167.2,19,1.50,15.70,8.70,6.90,29,0.93,1.51,72,28,4.60,10,125,19,15),
(172,'Rubby De La Rosa','Rubby','De La Rosa',24,'BOS',11.1,66,3.80,11.30,3.80,9.40,33,0.91,1,75,12,10.50,14,9,1,11),
(173,'Jose De La Torre','Jose','De La Torre',27,'BOS',11.1,51,3.80,28.30,18.90,9.40,50,0.93,2,47,19,15.40,7,12,1,8),
(174,'Jorge De Leon','Jorge','De Leon',25,'HOU',10,44,2.00,12.00,14.00,10.00,42,0.59,0.6,70,25,5.30,14,9,1,11),
(175,'Cole De Vries','Cole','De Vries',28,'MIN',15,26,7.90,15.80,11.80,15.80,55,0.34,0.43,64,24,17.60,17,4,0,0),
(176,'Sam Deduno','Sam','Deduno',29,'MIN',108,43,1.50,14.50,8.90,6.70,30,1.58,2.27,72,21,5.70,8,91,12,13),
(177,'Steve Delabar','Steve','Delabar',29,'TOR',58.2,53,1.60,32.40,11.50,7.10,36,0.43,0.59,53,26,4.90,15,61,3,5),
(178,'Randall Delgado','Randall','Delgado',23,'ARI',116.1,53,5.10,16.70,4.90,10.60,43,0.73,1.02,72,24,13.30,14,78,11,14),
(179,'Ryan Dempster','Ryan','Dempster',36,'BOS',171.1,45,3.50,20.80,10.50,8.60,38,0.73,0.97,64,22,10.20,12,138,16,12),
(180,'Ross Detwiler','Ross','Detwiler',27,'WAS',71.1,26,1.60,12.30,4.40,9.50,33,0.88,1.33,79,26,4.50,15,66,10,15),
(181,'Scott Diamond','Scott','Diamond',26,'MIN',131,27,3.70,9.00,6.30,10.20,36,0.9,1.23,81,22,8.90,7,116,15,13),
(182,'R.A. Dickey','R.A.','Dickey',38,'TOR',224.2,46,3.70,18.80,7.50,8.50,39,0.72,0.89,69,22,10.90,19,150,15,10),
(183,'Jake Diekman','Jake','Diekman',26,'PHI',38.1,42,0.60,25.00,9.80,3.10,15,1.04,1.31,63,24,2.20,6,42,4,10),
(184,'Rafael Dolis','Rafael','Dolis',25,'CHN',5,57,0.00,0.00,9.50,9.50,67,0.58,0.67,90,21,0.00,17,0,0,NULL),
(185,'Jose Dominguez','Jose','Dominguez',22,'LAN',8.1,59,0.00,10.30,7.70,2.60,9,0.58,0.75,79,26,0.00,16,11,1,9),
(186,'Sean Doolittle','Sean','Doolittle',26,'OAK',69,35,1.50,22.60,4.90,6.00,30,0.5,0.55,69,22,4.20,22,41,4,10),
(187,'Octavio Dotel','Octavio','Dotel',39,'DET',4.2,57,0.00,14.30,14.30,14.30,40,0.67,1,71,25,0.00,8,10,0,0),
(188,'Felix Doubront','Felix','Doubront',25,'BOS',162.1,27,1.80,19.70,10.10,7.10,31,0.88,1.13,67,19,5.90,14,139,16,12),
(189,'Darin Downs','Darin','Downs',28,'DET',35.1,45,2.70,24.50,7.30,9.90,42,0.92,0.94,64,19,8.50,10,33,2,6),
(190,'Scott Downs','Scott','Downs',37,'TOT',43.1,48,0.50,19.60,10.10,4.20,18,1.8,3.23,67,24,2.40,9,50,9,18),
(191,'Scott Downs','Scott','Downs',37,'LAA',29.1,45,0.80,18.00,9.00,4.90,23,1.71,3.13,69,26,3.60,10,31,7,23),
(192,'Scott Downs','Scott','Downs',37,'ATL',14,52,0.00,22.40,11.90,3.00,11,2,3.5,63,20,0.00,7,19,2,11),
(193,'Kyle Drabek','Kyle','Drabek',25,'TOR',2.1,50,7.10,21.40,14.30,7.10,25,1,1,50,25,25.00,0,5,0,0),
(194,'Brian Duensing','Brian','Duensing',30,'MIN',61,49,1.50,20.90,8.20,6.70,27,0.71,1.07,68,28,4.40,16,48,3,6),
(195,'Danny Duffy','Danny','Duffy',24,'KCA',24.1,27,0.00,21.20,13.50,3.90,21,0.47,0.61,64,27,0.00,4,26,2,8),
(196,'Zach Duke','Zach','Duke',30,'TOT',31.1,36,2.10,12.70,7.00,8.50,31,0.98,1.53,76,24,6.30,14,34,6,18),
(197,'Zach Duke','Zach','Duke',30,'WAS',20.2,30,2.00,10.90,7.90,9.90,32,1.14,2,76,20,5.90,8,25,4,16),
(198,'Zach Duke','Zach','Duke',30,'CIN',10.2,51,2.40,17.10,4.90,4.90,25,0.68,0.92,76,34,7.10,26,9,2,22),
(199,'Mike Dunn','Mike','Dunn',28,'MIA',67.2,48,1.80,25.50,9.90,5.70,30,0.69,0.71,62,20,5.60,14,49,2,4),
(200,'Jake Dunning','Jake','Dunning',24,'SFN',25.1,63,1.90,15.40,10.60,5.80,30,1.24,1.95,69,22,7.10,15,18,4,22),
(201,'Chad Durbin','Chad','Durbin',35,'PHI',16,64,4.90,19.80,11.10,13.60,44,0.83,1.91,64,25,13.80,3,19,1,5),
(202,'Chris Dwyer','Chris','Dwyer',25,'KCA',3,36,0.00,18.20,9.10,0.00,0,1,1.33,73,13,0.00,25,2,1,50),
(203,'Sam Dyson','Sam','Dyson',25,'MIA',11,57,3.70,9.30,9.30,9.30,31,2.23,2.11,74,7,18.20,15,12,1,8),
(204,'Josh Edgin','Josh','Edgin',26,'NYN',28.2,48,1.60,16.40,9.80,6.60,31,0.77,1,70,15,4.50,8,15,3,20),
(205,'Jake Elmore','Jake','Elmore',26,'HOU',1,0,0.00,0.00,0.00,0.00,NULL,2,2,100,0,0.00,0,0,0,NULL),
(206,'Barry Enright','Barry','Enright',27,'LAA',8.1,49,4.70,14.00,16.30,16.30,58,0.36,0.58,65,33,10.50,14,11,0,0),
(207,'Nathan Eovaldi','Nathan','Eovaldi',23,'MIA',106.1,56,1.60,17.30,8.90,6.20,28,0.8,1.04,71,23,4.50,12,84,10,12),
(208,'Cody Eppley','Cody','Eppley',27,'NYA',1.2,63,0.00,12.50,0.00,12.50,25,6,NULL,88,14,0.00,0,1,1,100),
(209,'Robbie Erlin','Robbie','Erlin',22,'SDN',54.2,31,2.60,17.60,6.60,7.10,30,0.61,0.72,72,24,6.60,13,32,0,0),
(210,'Edgmer Escalona','Edgmer','Escalona',26,'COL',46,58,3.90,16.60,6.80,11.20,44,0.65,0.82,71,23,9.80,12,37,2,5),
(211,'Marco Estrada','Marco','Estrada',29,'MIL',128,54,3.70,23.10,5.70,7.40,35,0.62,0.66,67,20,10.60,19,72,5,7),
(212,'Jeurys Familia','Jeurys','Familia',23,'NYN',10.2,65,3.90,15.40,17.30,7.70,33,1.06,1.67,60,9,15.40,19,11,1,9),
(213,'Kyle Farnsworth','Kyle','Farnsworth',37,'TOT',38.1,62,3.10,17.30,6.20,8.60,33,0.92,1.15,73,26,8.60,8,22,4,18),
(214,'Kyle Farnsworth','Kyle','Farnsworth',37,'TBA',29.2,64,3.10,14.70,5.40,9.30,32,0.92,1.16,76,25,8.20,6,19,3,16),
(215,'Kyle Farnsworth','Kyle','Farnsworth',37,'PIT',8.2,55,3.00,27.30,9.10,6.10,33,0.91,1.13,61,33,11.10,18,3,1,33),
(216,'Danny Farquhar','Danny','Farquhar',26,'SEA',55.2,48,0.90,34.70,9.70,4.40,23,0.75,1,54,28,3.20,14,52,5,10),
(217,'Scott Feldman','Scott','Feldman',30,'TOT',181.2,49,2.50,17.40,7.40,7.10,34,1.01,1.57,71,19,7.90,11,117,17,15),
(218,'Scott Feldman','Scott','Feldman',30,'CHN',91,52,2.70,17.80,6.70,6.70,32,1.03,1.42,70,18,8.50,11,61,8,13),
(219,'Scott Feldman','Scott','Feldman',30,'BAL',90.2,46,2.40,17.00,8.10,7.60,36,1,1.75,71,21,7.40,12,56,9,16),
(220,'Pedro Feliciano','Pedro','Feliciano',36,'NYN',11.1,75,2.00,17.70,11.80,11.80,55,0.72,1.27,65,17,6.30,11,9,1,11),
(221,'Neftali Feliz','Neftali','Feliz',25,'TEX',4.2,67,0.00,19.10,9.50,0.00,0,0.36,0.13,67,21,0.00,36,4,0,0),
(222,'Jose Fernandez','Jose','Fernandez',20,'MIA',172.2,47,1.50,27.50,8.50,4.30,26,0.85,1.07,61,22,5.00,12,111,9,8),
(223,'Josh Fields','Josh','Fields',27,'HOU',38,56,5.00,25.00,11.30,11.90,61,0.6,0.71,58,15,17.80,27,27,2,7),
(224,'Casey Fien','Casey','Fien',29,'MIN',62,59,3.70,29.90,4.90,5.70,28,0.61,0.81,60,20,12.50,24,43,3,7),
(225,'Mike Fiers','Mike','Fiers',28,'MIL',22.1,39,7.80,14.60,5.80,13.60,50,0.54,0.58,71,26,18.20,15,18,0,0),
(226,'Stephen Fife','Stephen','Fife',26,'LAN',58.1,45,2.70,17.40,7.80,7.00,26,1.04,1.56,69,26,8.90,11,60,5,8),
(227,'Alfredo Figaro','Alfredo','Figaro',28,'MIL',74,51,4.80,17.10,4.80,8.90,36,0.97,1.42,72,20,13.80,10,61,8,13),
(228,'Pedro Figueroa','Pedro','Figueroa',27,'OAK',3,39,11.10,16.70,16.70,16.70,50,1,5,56,25,33.30,0,2,0,0),
(229,'Doug Fister','Doug','Fister',29,'DET',208.2,44,1.60,18.10,5.00,5.70,22,1.24,1.66,73,19,5.40,10,171,26,15),
(230,'Gavin Floyd','Gavin','Floyd',30,'CHA',24.1,44,3.60,22.70,10.90,11.80,48,1.06,1.67,61,18,13.80,15,20,2,10),
(231,'Brian Flynn','Brian','Flynn',23,'MIA',18,22,4.60,17.10,14.80,10.20,33,0.61,1.47,61,42,12.10,8,23,4,17),
(232,'Wilmer Font','Wilmer','Font',23,'TEX',1.1,29,0.00,0.00,28.60,0.00,0,0.25,0,71,0,0.00,25,1,0,0),
(233,'Jeff Francis','Jeff','Francis',32,'COL',70.1,26,3.70,19.40,7.40,10.50,38,0.86,1.44,68,28,10.80,10,58,3,5),
(234,'Frank Francisco','Frank','Francisco',33,'NYN',6.1,62,0.00,23.10,11.50,7.70,50,0.78,0.63,62,19,0.00,33,7,1,14),
(235,'Jason Frasor','Jason','Frasor',35,'TEX',49,63,2.00,24.00,10.00,6.00,33,0.86,0.98,64,23,6.90,17,34,0,0),
(236,'Justin Freeman','Justin','Freeman',26,'CIN',1,40,20.00,0.00,0.00,40.00,100,0.67,2,80,40,33.30,0,0,0,NULL),
(237,'Sam Freeman','Sam','Freeman',26,'SLN',12.1,44,0.00,16.00,10.00,6.00,38,0.61,0.71,72,27,0.00,13,9,2,22),
(238,'Ernesto Frieri','Ernesto','Frieri',27,'LAA',68.2,44,3.80,33.60,10.30,6.90,36,0.31,0.35,51,20,12.50,27,56,2,4),
(239,'Kyuji Fujikawa','Kyuji','Fujikawa',32,'CHN',12,50,2.00,28.00,4.00,10.00,46,0.94,1.2,62,19,8.30,29,9,1,11),
(240,'Sam Fuld','Sam','Fuld',31,'TBA',0.1,100,0.00,0.00,0.00,0.00,NULL,0,0,100,0,0.00,0,0,0,NULL),
(241,'Charlie Furbush','Charlie','Furbush',27,'SEA',65,46,1.80,28.60,10.40,6.40,38,0.67,0.73,58,24,6.00,13,47,1,2),
(242,'Yovani Gallardo','Yovani','Gallardo',27,'MIL',180.2,53,2.30,18.60,8.50,6.70,29,1.03,1.42,69,26,7.10,6,145,15,10),
(243,'Freddy Garcia','Freddy','Garcia',36,'TOT',80.1,49,5.40,13.90,5.10,7.60,30,0.76,1.28,74,23,14.40,15,47,9,19),
(244,'Freddy Garcia','Freddy','Garcia',36,'BAL',53,45,7.10,11.60,5.30,9.80,37,0.68,1.13,75,22,17.60,15,30,7,23),
(245,'Freddy Garcia','Freddy','Garcia',36,'ATL',27.1,58,1.90,18.90,4.70,2.80,13,0.95,1.7,72,27,5.90,15,17,2,12),
(246,'Jaime Garcia','Jaime','Garcia',26,'SLN',55.1,24,2.60,18.40,6.40,8.60,35,1.75,2.7,72,15,10.20,6,38,6,16),
(247,'Luis Garcia','Luis','Garcia',26,'PHI',31.1,62,2.20,16.70,16.70,8.00,41,1.34,2.4,64,23,8.60,8,32,6,19),
(248,'Onelki Garcia','Onelki','Garcia',23,'LAN',1.1,67,11.10,11.10,44.40,11.10,100,3,NULL,33,0,100.00,0,2,0,0),
(249,'Jon Garland','Jon','Garland',33,'COL',68,48,3.00,10.60,7.60,11.60,41,0.93,1.77,76,24,8.30,11,46,5,11),
(250,'Matt Garza','Matt','Garza',29,'TOT',155.1,47,3.10,20.90,6.40,7.70,33,0.66,0.89,68,29,8.20,10,119,10,8),
(251,'Matt Garza','Matt','Garza',29,'CHN',71,47,2.70,21.20,6.80,7.20,34,0.7,0.94,67,27,7.70,12,49,6,12),
(252,'Matt Garza','Matt','Garza',29,'TEX',84.1,47,3.30,20.60,6.10,8.10,33,0.63,0.85,68,30,8.50,9,70,4,6),
(253,'John Gast','John','Gast',24,'SLN',12.1,27,1.90,15.40,9.60,5.80,27,1.17,1.33,73,26,5.90,6,12,0,0),
(254,'Chad Gaudin','Chad','Gaudin',30,'SFN',97,54,1.50,21.70,9.90,6.20,31,0.64,0.75,66,23,4.30,15,67,3,4),
(255,'Kevin Gausman','Kevin','Gausman',22,'BAL',47.2,49,4.00,24.40,6.50,10.00,39,0.75,1.24,64,24,11.10,4,35,5,14),
(256,'Cory Gearrin','Cory','Gearrin',27,'ATL',31,65,1.50,17.30,12.00,6.00,27,1.07,1.96,65,23,5.60,14,29,7,24),
(257,'Dillon Gee','Dillon','Gee',27,'NYN',199,53,2.90,16.90,5.60,8.30,34,0.77,1,73,22,7.50,11,130,9,7),
(258,'Justin Germano','Justin','Germano',30,'TOR',2,58,8.30,8.30,0.00,25.00,50,0.83,1.5,83,27,25.00,33,2,0,0),
(259,'Gonzalez Germen','Gonzalez','Germen',25,'NYN',34.1,60,0.70,22.20,10.70,8.10,38,0.6,0.63,66,22,2.00,21,23,1,4),
(260,'Kyle Gibson','Kyle','Gibson',25,'MIN',51,40,2.90,12.20,8.40,7.60,26,1.03,1.18,74,23,8.40,8,53,4,8),
(261,'Brandon Gomes','Brandon','Gomes',28,'TBA',19.1,61,4.80,34.90,8.40,8.40,39,0.29,0.32,51,23,14.30,20,14,0,0),
(262,'Jeanmar Gomez','Jeanmar','Gomez',25,'PIT',80.2,56,1.80,15.90,8.40,4.80,25,1.28,1.82,72,21,6.20,8,66,9,14),
(263,'Alberto Gonzalez','Alberto','Gonzalez',30,'NYA',0.1,100,0.00,0.00,0.00,0.00,NULL,0,0,100,0,0.00,0,0,0,NULL),
(264,'Edgar Gonzalez','Edgar','Gonzalez',30,'TOT',18,46,6.90,12.60,9.20,10.30,35,0.4,0.68,70,31,15.00,17,23,2,9),
(265,'Edgar Gonzalez','Edgar','Gonzalez',30,'TOR',8,39,5.30,7.90,13.20,10.50,44,0.53,0.75,71,21,13.30,21,11,0,0),
(266,'Edgar Gonzalez','Edgar','Gonzalez',30,'HOU',10,51,8.20,16.30,6.10,10.20,29,0.31,0.62,69,39,16.00,14,12,2,17),
(267,'Gio Gonzalez','Gio','Gonzalez',27,'WAS',195.2,22,2.10,23.40,9.30,7.60,37,0.76,1.02,64,25,6.40,12,133,14,11),
(268,'Miguel Gonzalez','Miguel','Gonzalez',29,'BAL',171.1,50,3.40,16.90,7.40,8.30,38,0.66,0.87,71,21,9.10,16,117,15,13),
(269,'Mike Gonzalez','Mike','Gonzalez',35,'MIL',50,50,4.30,25.50,10.60,9.40,38,0.51,0.48,58,26,12.00,11,31,0,0),
(270,'Tom Gorzelanny','Tom','Gorzelanny',30,'MIL',85.1,32,3.10,23.30,8.70,6.70,31,0.79,1.21,64,23,9.60,13,54,9,17),
(271,'Sonny Gray','Sonny','Gray',23,'OAK',64,41,1.50,25.70,7.70,4.60,24,1.1,1.7,65,26,5.20,7,51,4,8),
(272,'Luke Gregerson','Luke','Gregerson',29,'SDN',66.1,51,1.10,23.90,6.70,5.60,31,0.83,1.13,65,23,3.70,15,39,0,0),
(273,'Kevin Gregg','Kevin','Gregg',35,'CHN',62,54,2.20,20.80,11.90,6.70,34,0.58,0.71,63,29,6.00,10,46,3,7),
(274,'Zack Greinke','Zack','Greinke',29,'LAN',177.2,52,1.80,20.60,6.40,7.00,33,0.87,1.34,68,26,5.70,14,120,13,11),
(275,'A.J. Griffin','A.J.','Griffin',25,'OAK',200,45,4.40,20.80,6.60,8.00,39,0.47,0.6,67,23,11.30,19,142,8,6),
(276,'Jason Grilli','Jason','Grilli',36,'PIT',50,52,2.00,36.60,6.40,5.50,28,0.53,0.57,54,26,7.10,23,27,2,7),
(277,'Justin Grimm','Justin','Grimm',24,'TOT',98,46,3.40,17.20,7.70,10.20,38,0.77,1.07,70,23,9.30,12,86,6,7),
(278,'Justin Grimm','Justin','Grimm',24,'TEX',89,44,3.70,16.80,7.60,10.80,38,0.8,1.16,71,24,9.90,10,78,6,8),
(279,'Justin Grimm','Justin','Grimm',24,'CHN',9,67,0.00,22.20,8.30,2.80,25,0.47,0.46,61,17,0.00,33,8,0,0),
(280,'Javy Guerra','Javy','Guerra',27,'LAN',10.2,58,1.80,21.80,10.90,5.50,20,0.64,0.54,64,36,5.00,9,19,0,0),
(281,'Matt Guerrier','Matt','Guerrier',34,'TOT',42.2,61,1.70,16.60,9.40,6.60,28,0.78,1,71,22,4.80,14,29,5,17),
(282,'Matt Guerrier','Matt','Guerrier',34,'LAN',30,65,2.30,16.20,9.20,6.90,28,0.79,0.94,70,21,6.70,13,23,3,13),
(283,'Matt Guerrier','Matt','Guerrier',34,'CHN',12.2,51,0.00,17.70,9.80,5.90,27,0.76,1.15,73,24,0.00,14,6,2,33),
(284,'Preston Guilmet','Preston','Guilmet',25,'CLE',5.1,36,0.00,3.60,10.70,10.70,38,0.6,0.5,86,29,0.00,13,12,0,0),
(285,'Jeremy Guthrie','Jeremy','Guthrie',34,'KCA',211.2,43,3.30,12.30,6.50,8.00,31,0.77,1.03,77,22,8.60,13,175,17,10),
(286,'J.C. Gutierrez','J.C.','Gutierrez',29,'TOT',55.1,47,2.10,19.10,8.50,4.70,20,0.71,0.74,69,24,5.60,10,56,6,11),
(287,'J.C. Gutierrez','J.C.','Gutierrez',29,'KCA',29.1,47,1.70,14.20,6.70,4.20,17,0.71,0.77,77,23,4.20,13,29,4,14),
(288,'J.C. Gutierrez','J.C.','Gutierrez',29,'LAA',26,47,2.60,24.10,10.30,5.20,23,0.7,0.7,62,24,7.30,7,27,2,7),
(289,'Nick Hagadone','Nick','Hagadone',27,'CLE',31.1,51,3.00,22.60,15.80,6.00,33,0.6,0.8,57,20,10.00,20,29,4,14),
(290,'David Hale','David','Hale',25,'ATL',11,54,0.00,30.40,2.20,6.50,27,1.5,1.71,67,23,0.00,8,10,0,0),
(291,'Roy Halladay','Roy','Halladay',36,'PHI',62,53,4.30,18.10,12.80,8.20,42,0.74,0.94,60,25,14.00,17,44,1,2),
(292,'Cole Hamels','Cole','Hamels',29,'PHI',220,23,2.30,22.30,5.50,9.50,42,0.77,1.1,68,24,6.80,13,138,15,11),
(293,'Jason Hammel','Jason','Hammel',30,'BAL',139.1,41,3.60,15.70,7.90,8.80,35,0.71,1.01,71,23,9.60,13,108,15,14),
(294,'Brad Hand','Brad','Hand',23,'MIA',20.2,33,2.40,18.30,9.80,6.10,39,0.71,1.14,70,22,6.70,14,13,1,8),
(295,'Donovan Hand','Donovan','Hand',27,'MIL',68.1,51,3.50,12.90,7.30,7.00,28,0.96,1.59,74,22,10.40,14,61,12,20),
(296,'Joel Hanrahan','Joel','Hanrahan',31,'BOS',7.1,43,10.80,13.50,16.20,13.50,50,0.56,0.89,57,8,36.40,31,7,1,14),
(297,'Tommy Hanson','Tommy','Hanson',26,'LAA',73,44,3.10,17.10,9.20,8.30,33,0.48,0.55,70,25,7.80,19,54,3,6),
(298,'J.A. Happ','J.A.','Happ',30,'TOR',92.2,28,2.40,18.60,10.80,8.00,36,0.58,0.65,67,20,6.80,18,66,5,8),
(299,'Aaron Harang','Aaron','Harang',35,'TOT',143.1,47,4.20,18.10,6.40,9.90,41,0.57,0.67,70,25,9.90,11,107,4,4),
(300,'Aaron Harang','Aaron','Harang',35,'SEA',120.1,46,4.00,16.50,5.30,10.50,41,0.59,0.69,73,25,9.40,11,88,3,3),
(301,'Aaron Harang','Aaron','Harang',35,'NYN',23,55,5.00,26.00,12.00,7.00,35,0.44,0.56,56,25,13.20,7,19,1,5),
(302,'Dan Haren','Dan','Haren',32,'WAS',169.2,55,3.90,21.10,4.30,9.30,37,0.59,0.71,69,26,9.90,12,108,8,7),
(303,'Lucas Harrell','Lucas','Harrell',28,'HOU',153.2,46,2.80,12.60,12.50,7.60,31,1.1,1.69,70,21,9.50,14,143,23,16),
(304,'Will Harris','Will','Harris',28,'ARI',52.2,61,1.40,24.40,6.90,6.00,26,0.95,1.39,66,27,4.60,13,52,6,12),
(305,'Josh Harrison','Josh','Harrison',25,'PIT',0.1,0,0.00,0.00,0.00,0.00,NULL,0,0,100,0,0.00,0,0,0,NULL),
(306,'Matt Harrison','Matt','Harrison',27,'TEX',10.2,24,3.90,23.50,13.70,9.80,36,0.82,1.11,59,25,13.30,12,9,0,0),
(307,'Matt Harvey','Matt','Harvey',24,'NYN',178.1,50,1.00,27.70,4.50,4.20,22,0.94,1.17,66,19,3.60,16,115,13,11),
(308,'Chris Hatcher','Chris','Hatcher',28,'MIA',8.2,64,2.30,15.90,9.10,13.60,46,0.55,0.9,73,30,5.90,15,12,0,0),
(309,'LaTroy Hawkins','LaTroy','Hawkins',40,'NYN',70.2,59,2.10,19.10,3.50,5.20,21,0.99,1.58,74,24,6.40,14,56,9,16),
(310,'Deunte Heath','Deunte','Heath',27,'CHA',7.2,39,4.90,7.30,29.30,12.20,63,0.67,1.22,59,15,13.30,0,9,2,22),
(311,'Jeremy Hefner','Jeremy','Hefner',27,'NYN',130.2,55,3.60,17.80,6.70,9.00,38,0.83,1.01,71,22,10.20,12,106,10,9),
(312,'Jeremy Hellickson','Jeremy','Hellickson',26,'TBA',174,45,3.30,18.30,6.80,8.70,35,0.69,0.81,71,23,8.60,14,126,15,12),
(313,'Johnny Hellweg','Johnny','Hellweg',24,'MIL',30.2,46,1.90,5.60,16.10,4.90,20,1.32,2.15,70,24,6.50,8,53,7,13),
(314,'Heath Hembree','Heath','Hembree',24,'SFN',7.2,72,0.00,41.40,6.90,3.50,25,1.14,2,52,13,0.00,0,3,1,33),
(315,'Jim Henderson','Jim','Henderson',30,'MIL',60,51,3.20,30.40,9.70,6.10,34,0.39,0.47,55,32,8.80,13,38,1,3),
(316,'Liam Hendriks','Liam','Hendriks',24,'MIN',47.1,44,4.50,15.20,6.30,9.80,33,0.6,0.74,73,26,10.60,13,49,3,6),
(317,'Sean Henn','Sean','Henn',32,'NYN',2.2,46,7.70,7.70,23.10,7.70,33,0.5,1.33,62,44,20.00,17,4,1,25),
(318,'David Hernandez','David','Hernandez',28,'ARI',62.1,52,3.80,25.10,9.10,8.80,46,0.47,0.64,60,22,10.60,16,50,3,6),
(319,'Felix Hernandez','Felix','Hernandez',27,'SEA',204.1,46,1.80,26.30,5.60,6.70,30,1.09,1.61,65,23,6.40,10,147,24,16),
(320,'Pedro Hernandez','Pedro','Hernandez',24,'MIN',56.2,24,3.80,11.00,8.80,11.00,36,0.67,0.94,76,21,8.70,8,51,5,10),
(321,'Roberto Hernandez','Roberto','Hernandez',32,'TBA',151,45,3.70,17.60,5.90,8.60,34,1.21,1.92,70,21,12.30,8,105,17,16),
(322,'Kelvin Herrera','Kelvin','Herrera',23,'KCA',58.1,49,3.70,30.20,8.60,9.40,48,0.93,1.3,57,24,14.30,17,35,1,3),
(323,'Rich Hill','Rich','Hill',33,'CLE',38.2,58,1.70,28.00,15.90,3.30,16,0.75,0.85,53,21,6.30,14,50,1,2),
(324,'Luke Hochevar','Luke','Hochevar',29,'KCA',70.1,47,3.10,31.30,6.50,6.10,39,0.55,0.79,58,23,9.90,21,35,4,11),
(325,'Derek Holland','Derek','Holland',26,'TEX',213,21,2.20,21.10,7.20,7.90,34,0.71,0.88,68,25,6.30,13,167,21,13),
(326,'Greg Holland','Greg','Holland',27,'KCA',67,44,1.20,40.40,7.10,4.30,28,0.65,0.83,51,28,4.20,10,47,4,9),
(327,'David Holmberg','David','Holmberg',21,'ARI',3.2,25,0.00,0.00,15.00,10.00,33,0.33,0.38,85,24,0.00,8,8,0,0),
(328,'J.J. Hoover','J.J.','Hoover',25,'CIN',66,62,2.20,24.90,9.70,7.40,43,0.47,0.57,61,27,6.40,18,38,3,8),
(329,'Jeremy Horst','Jeremy','Horst',27,'PHI',26,42,3.30,17.10,9.80,7.30,26,0.59,0.68,67,16,9.10,19,27,4,15),
(330,'J.P. Howell','J.P.','Howell',30,'LAN',62,49,0.80,22.00,9.40,4.10,24,1.44,1.83,67,15,3.40,15,45,8,18),
(331,'Tim Hudson','Tim','Hudson',37,'ATL',131.1,49,1.90,17.80,6.70,6.60,29,1.26,1.73,72,19,6.60,13,96,15,16),
(332,'David Huff','David','Huff',28,'TOT',37.2,36,4.60,20.50,6.00,9.90,46,0.7,0.93,68,18,13.00,16,29,3,10),
(333,'David Huff','David','Huff',28,'CLE',3,53,0.00,33.30,6.70,0.00,0,2,NULL,60,33,0.00,0,7,1,14),
(334,'David Huff','David','Huff',28,'NYA',34.2,35,5.20,19.10,5.90,11.00,58,0.64,0.86,68,17,13.70,16,22,2,9),
(335,'Jared Hughes','Jared','Hughes',27,'PIT',32,59,1.40,15.50,10.80,6.80,27,1.27,2.09,70,21,5.10,13,27,2,7),
(336,'Phil Hughes','Phil','Hughes',27,'NYA',145.2,44,3.70,18.90,6.50,10.10,38,0.45,0.52,70,24,8.50,12,123,10,8),
(337,'Philip Humber','Philip','Humber',30,'HOU',54.2,45,3.50,13.90,7.70,13.50,47,0.82,1.19,73,24,9.10,8,48,4,8),
(338,'Tommy Hunter','Tommy','Hunter',26,'BAL',86.1,47,3.30,20.20,4.20,6.00,28,0.67,0.91,71,20,8.40,13,61,9,15),
(339,'Colt Hynes','Colt','Hynes',28,'SDN',17,45,3.60,15.50,10.70,9.50,32,0.91,0.73,69,23,10.70,13,26,1,4),
(340,'Phil Irwin','Phil','Irwin',26,'PIT',4.2,61,0.00,17.40,17.40,4.40,17,1.8,2.33,65,13,0.00,20,6,1,17),
(341,'Hisashi Iwakuma','Hisashi','Iwakuma',32,'SEA',219.2,45,2.90,21.40,4.90,8.00,39,0.97,1.29,70,21,8.80,10,113,18,16),
(342,'Edwin Jackson','Edwin','Jackson',29,'CHN',175.1,54,2.10,17.40,7.60,9.00,36,1.08,1.63,71,22,6.30,7,118,12,10),
(343,'Kenley Jansen','Kenley','Jansen',25,'LAN',76.2,59,2.10,38.00,6.20,4.50,27,0.63,0.76,53,22,7.00,11,41,5,12),
(344,'Casey Janssen','Casey','Janssen',31,'TOR',52.2,38,1.40,23.80,6.20,5.70,31,0.92,1.26,68,22,4.50,9,36,3,8),
(345,'Jeremy Jeffress','Jeremy','Jeffress',25,'TOR',10.1,58,2.30,27.90,11.60,2.30,13,2.25,5.33,58,19,12.50,0,7,2,29),
(346,'Chad Jenkins','Chad','Jenkins',25,'TOR',33.1,43,2.30,11.40,4.60,13.60,58,0.84,1.3,80,24,5.50,5,20,5,25),
(347,'Dan Jennings','Dan','Jennings',26,'MIA',40.2,54,0.60,22.20,9.40,8.20,36,0.95,1.34,68,22,1.90,10,33,4,12),
(348,'Kevin Jepsen','Kevin','Jepsen',28,'LAA',36,52,1.80,22.00,8.50,8.50,34,0.68,1,65,23,5.40,14,23,1,4),
(349,'Cesar Jimenez','Cesar','Jimenez',28,'PHI',17,41,1.30,14.50,13.20,6.60,36,0.63,0.74,68,19,3.70,16,17,0,0),
(350,'Ubaldo Jimenez','Ubaldo','Jimenez',29,'CLE',182.2,47,2.10,25.00,10.30,6.80,33,0.79,1.09,62,24,6.80,14,131,12,9),
(351,'Erik Johnson','Erik','Johnson',23,'CHA',27.2,38,3.90,14.10,8.60,7.80,31,0.9,0.86,73,18,10.40,6,21,2,10),
(352,'Jim Johnson','Jim','Johnson',30,'BAL',70.1,47,1.70,19.20,6.20,4.80,19,1.38,2.5,70,21,6.50,10,75,17,23),
(353,'Josh Johnson','Josh','Johnson',29,'TOR',81.1,41,3.90,21.60,7.80,8.10,30,0.9,1.08,65,24,12.10,11,78,4,5),
(354,'Kris Johnson','Kris','Johnson',28,'PIT',10.1,37,0.00,19.60,8.70,6.50,25,0.88,1.63,70,22,0.00,6,15,1,7),
(355,'Rob Johnson','Rob','Johnson',30,'SLN',0.1,0,0.00,100.00,0.00,0.00,NULL,,NULL,0,NULL,,NULL,0,0,NULL),
(356,'Steve Johnson','Steve','Johnson',25,'BAL',15.2,42,2.70,27.40,17.80,11.00,57,0.34,0.5,52,28,10.00,31,9,1,11),
(357,'Nate Jones','Nate','Jones',27,'CHA',78,56,1.60,28.30,8.30,5.40,25,1.06,1.33,61,22,6.20,15,63,9,14),
(358,'Taylor Jordan','Taylor','Jordan',24,'WAS',51.2,56,1.40,13.20,5.00,4.10,15,1.32,1.93,78,24,4.30,8,55,10,18),
(359,'Donnie Joseph','Donnie','Joseph',25,'KCA',5.2,40,0.00,28.00,16.00,4.00,25,0.44,0.67,52,21,0.00,0,3,0,0),
(360,'Jair Jurrjens','Jair','Jurrjens',27,'BAL',7.1,42,3.20,19.40,3.20,25.80,89,0.33,0.78,74,33,6.70,17,1,1,100),
(361,'Nate Karns','Nate','Karns',25,'WAS',12,48,8.20,18.00,9.80,13.10,47,0.56,0.79,61,40,21.70,15,12,0,0),
(362,'Scott Kazmir','Scott','Kazmir',29,'CLE',158,26,2.80,24.10,7.00,8.30,35,0.71,0.96,65,27,8.40,15,112,14,13),
(363,'Shawn Kelley','Shawn','Kelley',29,'NYA',53.1,58,3.50,31.30,10.10,9.30,45,0.51,0.54,55,22,10.40,13,47,1,2),
(364,'Joe Kelly','Joe','Kelly',25,'SLN',124,56,1.90,14.90,8.30,5.80,25,1.05,1.56,74,24,5.70,9,104,17,16),
(365,'Kyle Kendrick','Kyle','Kendrick',28,'PHI',182,55,2.30,13.80,5.90,6.90,27,1,1.3,76,21,6.90,15,167,12,7),
(366,'Ian Kennedy','Ian','Kennedy',28,'TOT',181.1,53,3.40,20.50,9.20,9.20,41,0.62,0.88,64,26,9.60,14,141,12,9),
(367,'Ian Kennedy','Ian','Kennedy',28,'ARI',124,53,3.30,19.70,8.70,9.50,41,0.57,0.81,65,27,8.80,13,101,8,8),
(368,'Ian Kennedy','Ian','Kennedy',28,'SDN',57.1,52,3.70,22.50,10.20,8.60,40,0.75,1.04,63,23,11.50,15,40,4,10),
(369,'Logan Kensing','Logan','Kensing',30,'COL',0.2,50,0.00,50.00,50.00,0.00,NULL,,NULL,0,NULL,,NULL,0,0,NULL),
(370,'Clayton Kershaw','Clayton','Kershaw',25,'LAN',236,19,1.20,25.60,5.70,4.90,27,0.92,1.21,66,23,4.10,16,134,20,15),
(371,'Dallas Keuchel','Dallas','Keuchel',25,'HOU',153.2,24,2.90,18.00,7.60,8.10,30,1.32,2.17,70,22,10.20,8,127,21,17),
(372,'Mike Kickham','Mike','Kickham',24,'SFN',28.1,34,5.60,20.10,6.90,15.30,48,0.81,1.33,66,34,15.70,11,28,1,4),
(373,'Craig Kimbrel','Craig','Kimbrel',25,'ATL',67,49,1.60,38.00,7.80,4.30,28,0.9,1.08,52,24,6.80,17,48,3,6),
(374,'Brandon Kintzler','Brandon','Kintzler',28,'MIL',77,58,0.70,19.00,5.30,3.90,18,1.42,2.28,73,25,2.40,9,63,11,17),
(375,'Michael Kirkman','Michael','Kirkman',26,'TEX',22,38,1.70,21.70,13.00,11.30,36,0.6,0.95,63,32,4.70,9,32,3,9),
(376,'Corey Kluber','Corey','Kluber',27,'CLE',147.1,46,2.50,22.40,5.40,8.10,32,0.88,1.37,68,26,7.50,12,114,17,15),
(377,'Tom Koehler','Tom','Koehler',27,'MIA',143,52,2.30,15.30,9.00,8.30,36,0.93,1.29,72,24,6.70,9,111,18,16),
(378,'Michael Kohn','Michael','Kohn',27,'LAA',53,48,3.00,22.50,12.10,9.10,50,0.31,0.28,61,25,8.00,21,44,1,2),
(379,'George Kontos','George','Kontos',28,'SFN',55.1,69,2.90,19.80,7.60,8.80,35,0.61,0.89,68,26,7.90,15,52,8,15),
(380,'Ian Krol','Ian','Krol',22,'WAS',27.1,48,4.30,18.80,6.80,10.30,43,0.63,0.82,68,25,11.60,17,11,0,0),
(381,'Hiroki Kuroda','Hiroki','Kuroda',38,'NYA',201.1,42,2.40,18.20,5.20,8.40,36,0.88,1.2,73,23,7.00,13,130,12,9),
(382,'John Lackey','John','Lackey',34,'BOS',189.1,44,3.30,20.70,5.10,8.50,37,0.88,1.21,70,20,10.00,12,101,9,9),
(383,'Aaron Laffey','Aaron','Laffey',28,'TOT',12.2,38,1.60,14.10,15.60,7.80,28,0.74,2,63,26,4.50,4,21,2,10),
(384,'Aaron Laffey','Aaron','Laffey',28,'NYN',10,36,2.00,18.00,10.00,10.00,31,0.6,2.17,64,32,5.30,5,14,1,7),
(385,'Aaron Laffey','Aaron','Laffey',28,'TOR',2.2,43,0.00,0.00,35.70,0.00,0,1.67,1.67,57,0,0.00,0,7,1,14),
(386,'Bobby LaFromboise','Bobby','LaFromboise',27,'SEA',10.2,32,0.00,23.40,8.50,4.30,17,0.55,0.91,66,34,0.00,15,11,1,9),
(387,'Matt Langwell','Matt','Langwell',27,'TOT',14,66,3.20,19.40,11.30,8.10,39,0.56,0.67,65,29,8.00,7,11,0,0),
(388,'Matt Langwell','Matt','Langwell',27,'CLE',5.1,57,4.40,26.10,8.70,13.00,60,0.36,0.67,61,40,9.10,0,1,0,0),
(389,'Matt Langwell','Matt','Langwell',27,'ARI',8.2,72,2.60,15.40,12.80,5.10,25,0.69,0.67,67,22,7.10,13,10,0,0),
(390,'John Lannan','John','Lannan',28,'PHI',74.1,21,1.80,11.50,8.10,8.70,34,1.15,1.62,76,23,5.60,9,64,8,13),
(391,'Mat Latos','Mat','Latos',25,'CIN',210.2,54,1.60,21.20,6.60,6.60,29,0.85,1.18,68,27,4.80,11,150,16,11),
(392,'Tommy Layne','Tommy','Layne',28,'SDN',8.2,69,2.60,15.40,12.80,5.10,20,1.08,1.5,62,23,8.30,0,11,3,27),
(393,'Brandon League','Brandon','League',30,'LAN',54.1,59,3.20,11.20,6.00,8.00,29,1.49,2.05,77,22,10.70,6,51,7,14),
(394,'Mike Leake','Mike','Leake',25,'CIN',192.1,49,2.60,15.20,6.00,7.40,31,0.96,1.51,74,27,7.70,13,139,23,17),
(395,'Wade LeBlanc','Wade','LeBlanc',28,'TOT',55,33,2.70,12.70,7.70,9.70,35,0.68,0.87,75,24,7.10,15,48,2,4),
(396,'Wade LeBlanc','Wade','LeBlanc',28,'MIA',48.2,31,2.70,14.00,6.80,8.60,30,0.7,0.9,75,22,7.10,15,40,2,5),
(397,'Wade LeBlanc','Wade','LeBlanc',28,'HOU',6.1,43,2.70,5.40,13.50,16.20,67,0.61,0.7,76,31,6.70,17,8,0,0),
(398,'Sam LeCure','Sam','LeCure',29,'CIN',61,58,1.60,26.30,9.60,6.00,30,0.78,1.04,62,27,5.10,12,54,9,17),
(399,'C.C. Lee','C.C.','Lee',26,'CLE',4.1,73,0.00,18.20,13.60,4.60,25,0.44,0.29,64,21,0.00,11,10,0,0),
(400,'Cliff Lee','Cliff','Lee',34,'PHI',222.2,24,2.50,25.30,3.70,7.50,34,0.84,1.16,67,25,7.50,10,128,21,16),
(401,'Charles Leesman','Charles','Leesman',26,'CHA',15.1,44,2.60,16.90,20.80,7.80,38,1.35,2.3,58,23,10.00,0,17,3,18),
(402,'Chris Leroux','Chris','Leroux',29,'PIT',4,57,4.80,14.30,28.60,4.80,25,2,8,52,17,25.00,0,7,1,14),
(403,'Jon Lester','Jon','Lester',29,'BOS',213.1,22,2.10,19.60,7.40,8.10,35,0.83,1.03,70,22,6.40,16,163,20,12),
(404,'Ted Lilly','Ted','Lilly',37,'LAN',23,18,3.70,16.50,9.20,10.10,41,0.55,0.76,70,28,9.30,16,13,0,0),
(405,'Chang-Yong Lim','Chang-Yong','Lim',37,'CHN',5,67,0.00,18.50,25.90,7.40,33,1.33,1.5,52,29,0.00,0,12,2,17),
(406,'Tim Lincecum','Tim','Lincecum',29,'SFN',197.2,51,2.50,23.00,9.00,6.90,32,0.83,1.25,63,25,7.90,11,150,15,10),
(407,'Brad Lincoln','Brad','Lincoln',28,'TOR',31.2,50,2.70,16.90,14.90,6.10,32,0.65,0.53,61,10,9.10,23,32,1,3),
(408,'Josh Lindblom','Josh','Lindblom',26,'TEX',31.1,34,2.90,15.30,8.00,9.50,37,0.54,0.71,74,28,7.10,18,19,1,5),
(409,'Matt Lindstrom','Matt','Lindstrom',33,'CHA',60.2,63,0.80,17.70,8.90,4.20,17,1.28,1.6,72,18,2.70,11,72,15,21),
(410,'Francisco Liriano','Francisco','Liriano',29,'PIT',161,21,1.40,24.50,9.50,5.10,25,1.07,1.52,64,25,4.60,7,104,12,12),
(411,'Chia-Jen Lo','Chia-Jen','Lo',27,'HOU',19.1,44,2.40,19.10,15.50,2.40,14,0.64,0.71,62,18,7.70,21,20,0,0),
(412,'Jeff Locke','Jeff','Locke',25,'PIT',166.1,23,1.60,17.60,11.80,5.80,28,1.17,1.53,67,22,5.50,10,151,16,11),
(413,'Kameron Loe','Kameron','Loe',31,'TOT',26.2,61,8.70,11.80,7.90,16.50,53,1.02,2.1,71,25,23.40,6,23,3,13),
(414,'Kameron Loe','Kameron','Loe',31,'TOT',20,58,5.20,12.50,9.40,15.60,52,1.24,2.69,72,25,16.10,6,18,2,11),
(415,'Kameron Loe','Kameron','Loe',31,'SEA',6.2,68,19.40,9.70,3.20,19.40,55,0.59,1.13,68,22,37.50,6,5,1,20),
(416,'Kameron Loe','Kameron','Loe',31,'CHN',8.1,51,7.70,10.30,10.30,18.00,58,1.58,2.5,72,26,25.00,0,6,1,17),
(417,'Kameron Loe','Kameron','Loe',31,'ATL',11.2,63,3.50,14.00,8.80,14.00,47,1.05,2.86,72,25,10.50,10,12,1,8),
(418,'Boone Logan','Boone','Logan',28,'NYA',39,53,4.40,31.50,8.20,6.90,33,0.92,1.13,54,16,17.10,15,29,4,14),
(419,'Kyle Lohse','Kyle','Lohse',34,'MIL',198.2,52,3.20,15.50,4.50,7.20,30,0.72,0.88,75,22,8.30,14,155,18,12),
(420,'Javier Lopez','Javier','Lopez',35,'SFN',39.1,61,0.60,23.00,7.50,6.80,37,1.69,1.96,66,13,3.10,18,33,5,15),
(421,'Wilton Lopez','Wilton','Lopez',29,'COL',75.1,55,1.90,15.00,5.60,7.50,27,1,1.41,77,26,5.10,6,67,9,13),
(422,'Aaron Loup','Aaron','Loup',25,'TOR',69.1,40,1.80,18.80,4.60,5.30,23,1.56,2.2,72,18,6.70,7,61,9,15),
(423,'Derek Lowe','Derek','Lowe',40,'TEX',13,61,5.30,14.00,5.30,10.50,38,1.39,2.88,72,18,20.00,17,15,3,20),
(424,'Mark Lowe','Mark','Lowe',30,'LAA',11.2,54,1.80,12.50,19.60,8.90,46,0.59,0.69,63,18,5.00,9,15,1,7),
(425,'Josh Lueke','Josh','Lueke',28,'TBA',21.1,55,3.00,25.30,12.10,10.10,44,0.46,0.56,58,23,8.60,15,26,2,8),
(426,'Lucas Luetge','Lucas','Luetge',26,'SEA',37,37,1.20,16.40,9.70,7.90,31,1.02,1.4,70,23,3.80,10,40,6,15),
(427,'Jordan Lyles','Jordan','Lyles',22,'HOU',141.2,45,2.70,14.50,7.60,9.00,35,0.97,1.31,74,24,7.70,10,132,11,8),
(428,'Lance Lynn','Lance','Lynn',26,'SLN',201.2,56,1.60,23.10,8.90,6.40,29,0.76,1,64,24,5.20,13,161,18,11),
(429,'Brandon Lyon','Brandon','Lyon',33,'NYN',34.1,63,2.00,15.00,8.50,9.80,35,0.71,1.26,71,24,5.20,11,36,7,19),
(430,'Tyler Lyons','Tyler','Lyons',25,'SLN',53,27,2.20,19.30,7.20,9.90,45,0.97,1.7,70,21,6.80,8,36,5,14),
(431,'Jean Machi','Jean','Machi',31,'SFN',53,62,1.00,24.20,5.70,4.70,22,1.16,1.68,69,21,3.20,9,45,6,13),
(432,'Matt Magill','Matt','Magill',23,'LAN',27.2,54,4.40,19.00,20.40,6.60,33,0.76,1,55,16,15.80,16,35,1,3),
(433,'Paul Maholm','Paul','Maholm',31,'ATL',153,25,2.50,15.70,7.00,8.20,33,1.1,1.82,72,23,7.80,8,129,20,16),
(434,'John Maine','John','Maine',32,'MIA',7.1,65,5.00,17.50,12.50,7.50,20,0.8,1.5,63,25,16.70,20,13,1,8),
(435,'Seth Maness','Seth','Maness',24,'SLN',62,68,1.60,14.10,5.20,8.00,31,2.33,4.81,77,21,7.10,3,54,16,30),
(436,'Jeff Manship','Jeff','Manship',28,'COL',30.2,55,4.30,13.00,8.60,9.40,35,0.83,1.06,74,25,11.50,12,29,2,7),
(437,'Shaun Marcum','Shaun','Marcum',31,'NYN',78.1,57,2.10,18.00,6.30,7.50,29,0.56,0.81,71,22,5.60,19,64,6,9),
(438,'Carlos Marmol','Carlos','Marmol',30,'TOT',49,61,3.10,26.20,17.80,6.20,35,0.67,1.24,51,27,11.50,13,49,3,6),
(439,'Carlos Marmol','Carlos','Marmol',30,'CHN',27.2,60,4.70,24.80,16.30,8.50,42,0.62,1.35,51,22,16.20,12,28,1,4),
(440,'Carlos Marmol','Carlos','Marmol',30,'LAN',21.1,63,1.00,28.10,19.80,3.10,21,0.75,1.12,50,35,4.20,14,21,2,10),
(441,'Nick Maronde','Nick','Maronde',23,'LAA',5.1,57,3.60,17.90,28.60,7.10,50,1.14,1.75,50,20,14.30,0,7,1,14),
(442,'Jason Marquis','Jason','Marquis',34,'SDN',117.2,55,3.50,13.90,13.10,7.10,33,1.12,1.74,67,23,11.50,9,103,12,12),
(443,'Brett Marshall','Brett','Marshall',23,'NYA',12,50,5.60,13.00,13.00,7.40,31,1.05,1.64,67,15,18.80,16,13,3,23),
(444,'Sean Marshall','Sean','Marshall',30,'CIN',10.1,62,0.00,27.00,5.40,0.00,0,1.4,2,65,17,0.00,20,6,1,17),
(445,'Victor Marte','Victor','Marte',32,'SLN',3,65,0.00,11.80,17.70,5.90,25,3.5,2.5,65,9,0.00,0,10,1,10),
(446,'Ethan Martin','Ethan','Martin',24,'PHI',40,53,4.70,24.70,13.70,9.50,43,0.44,0.61,56,27,14.30,20,41,1,2),
(447,'Carlos Martinez','Carlos','Martinez',21,'SLN',28.1,59,0.80,19.40,7.30,4.80,19,1.15,1.73,69,23,2.70,8,19,3,16),
(448,'Cristhian Martinez','Cristhian','Martinez',31,'ATL',2.1,42,0.00,0.00,0.00,8.30,20,1.4,6,100,17,0.00,0,5,0,0),
(449,'David Martinez','David','Martinez',25,'HOU',11.1,65,1.90,11.50,5.80,11.50,38,0.77,1.15,73,19,5.00,9,14,2,14),
(450,'Joe Martinez','Joe','Martinez',30,'CLE',5,47,0.00,15.80,0.00,10.50,50,0.23,0.33,84,38,0.00,8,2,0,0),
(451,'Shairon Martis','Shairon','Martis',26,'MIN',9.2,46,7.70,18.00,10.30,12.80,83,0.65,0.83,64,21,21.40,18,6,0,0),
(452,'Justin Masterson','Justin','Masterson',28,'CLE',193,38,1.60,24.30,9.50,4.50,23,1.45,2.1,62,18,7.30,13,150,17,11),
(453,'Daisuke Matsuzaka','Daisuke','Matsuzaka',32,'NYN',38.2,46,2.40,19.90,9.60,6.60,34,0.43,0.52,63,23,6.90,22,32,2,6),
(454,'Ryan Mattheus','Ryan','Mattheus',29,'WAS',35.1,58,0.60,13.30,9.00,5.40,17,1.37,2.11,77,31,1.90,4,48,7,15),
(455,'Brian Matusz','Brian','Matusz',26,'BAL',51,54,1.40,24.00,7.70,5.30,26,0.61,0.89,65,28,4.10,13,42,3,7),
(456,'Brandon Maurer','Brandon','Maurer',22,'SEA',90,43,4.00,17.40,6.70,10.00,35,0.8,1.17,70,21,10.70,9,81,9,11),
(457,'Yunesky Maya','Yunesky','Maya',31,'WAS',0.1,33,33.30,0.00,0.00,33.30,50,0,0,67,67,33.30,0,1,0,0),
(458,'Vin Mazzaro','Vin','Mazzaro',26,'PIT',73.2,57,1.00,15.10,6.90,4.30,19,1.07,1.22,75,22,2.90,7,74,9,12),
(459,'Zach McAllister','Zach','McAllister',25,'CLE',134.1,44,2.30,17.40,8.50,9.00,39,0.61,0.76,71,23,5.80,14,102,12,12),
(460,'Brandon McCarthy','Brandon','McCarthy',29,'ARI',135,48,2.30,13.20,3.60,7.80,28,0.98,1.45,79,27,6.00,8,90,11,12),
(461,'Kyle McClellan','Kyle','McClellan',29,'TEX',9.1,53,5.00,7.50,12.50,10.00,57,0.48,0.79,73,26,10.50,10,5,1,20),
(462,'James McDonald','James','McDonald',28,'PIT',29.2,54,0.70,18.10,14.50,10.10,48,0.73,0.72,64,21,2.10,8,25,1,4),
(463,'John McDonald','John','McDonald',38,'PHI',0.1,67,0.00,33.30,0.00,0.00,0,1,NULL,67,50,0.00,0,0,0,NULL),
(464,'T.J. McFarland','T.J.','McFarland',24,'BAL',74.2,41,2.10,17.50,8.50,6.70,27,1.42,1.89,71,16,8.20,13,74,4,5),
(465,'Jake McGee','Jake','McGee',26,'TBA',62.2,34,3.10,28.90,8.50,6.50,33,0.74,0.9,59,24,10.50,17,59,5,8),
(466,'Dustin McGowan','Dustin','McGowan',31,'TOR',25.2,53,1.80,22.80,10.50,7.90,47,0.92,0.85,63,20,6.30,16,19,1,5),
(467,'Collin McHugh','Collin','McHugh',26,'TOT',26,58,4.80,8.80,4.00,13.60,38,0.66,1.16,81,27,10.30,6,21,2,10),
(468,'Collin McHugh','Collin','McHugh',26,'NYN',7,53,5.90,8.80,8.80,11.80,33,1,2.6,76,21,15.40,0,6,1,17),
(469,'Collin McHugh','Collin','McHugh',26,'COL',19,59,4.40,8.80,2.20,14.30,39,0.57,0.88,82,28,8.90,8,15,1,7),
(470,'Yoervis Medina','Yoervis','Medina',24,'SEA',68,55,1.70,24.40,13.80,5.20,31,1.19,1.69,58,19,7.20,13,64,7,11),
(471,'Kris Medlen','Kris','Medlen',27,'ATL',197,47,2.20,19.20,5.70,8.10,34,0.84,1.24,71,25,6.10,8,129,15,12),
(472,'Jenrry Mejia','Jenrry','Mejia',23,'NYN',27.1,57,1.80,24.10,3.60,4.50,18,1.38,1.84,71,20,6.30,6,20,3,15),
(473,'Mark Melancon','Mark','Melancon',28,'PIT',71,55,0.40,25.10,2.90,2.90,13,1.65,2.77,71,22,1.50,12,50,9,18),
(474,'Luis Mendoza','Luis','Mendoza',29,'KCA',94,45,2.40,12.90,10.30,9.30,37,1,1.38,73,22,7.10,11,79,11,14),
(475,'Jose Mijares','Jose','Mijares',28,'SFN',49,46,1.30,22.90,8.50,8.90,31,0.56,0.67,65,30,3.60,14,45,1,2),
(476,'Miles Mikolas','Miles','Mikolas',24,'SDN',1.2,57,0.00,14.30,14.30,0.00,NULL,0,0,57,25,0.00,25,2,0,0),
(477,'Wade Miley','Wade','Miley',26,'ARI',202.2,20,2.50,17.40,7.80,7.80,33,1.13,1.59,71,23,7.70,6,147,23,16),
(478,'Andrew Miller','Andrew','Miller',28,'BOS',30.2,46,2.20,35.60,12.60,2.20,12,1.28,1.87,47,21,10.70,3,35,2,6),
(479,'Jim Miller','Jim','Miller',31,'NYA',1.1,75,12.50,0.00,12.50,25.00,67,0,0,75,43,14.30,0,2,0,0),
(480,'Shelby Miller','Shelby','Miller',22,'SLN',173.1,53,2.80,23.40,7.90,6.50,31,0.65,0.8,64,24,7.80,11,136,11,8),
(481,'Tommy Milone','Tommy','Milone',26,'OAK',156.1,22,3.80,18.90,5.90,8.90,37,0.55,0.71,71,24,9.20,14,104,10,10),
(482,'Zach Miner','Zach','Miner',31,'PHI',28.2,68,3.00,15.00,12.80,6.80,27,0.94,1.37,66,23,10.80,21,33,2,6),
(483,'Mike Minor','Mike','Minor',25,'ATL',204.2,23,2.70,22.10,5.60,8.30,38,0.55,0.67,69,26,6.90,15,115,9,8),
(484,'Matt Moore','Matt','Moore',24,'TBA',150.1,30,2.20,22.30,11.80,6.20,34,0.66,0.87,62,20,6.90,18,118,8,7),
(485,'Franklin Morales','Franklin','Morales',27,'BOS',25.1,38,1.80,18.80,13.40,5.40,25,0.64,0.65,63,29,5.40,16,24,3,13),
(486,'Bryan Morris','Bryan','Morris',26,'PIT',65,56,3.00,13.70,10.40,6.30,30,1.35,2.1,72,20,9.90,5,59,12,20),
(487,'Brandon Morrow','Brandon','Morrow',28,'TOR',54.1,42,5.00,17.40,7.40,12.80,49,0.62,0.71,70,21,12.20,12,36,3,8),
(488,'Clayton Mortensen','Clayton','Mortensen',28,'BOS',30.1,48,2.10,14.90,11.40,5.00,22,0.87,1.06,69,19,6.50,13,30,1,3),
(489,'Charlie Morton','Charlie','Morton',29,'PIT',116,53,1.20,17.20,7.30,4.90,21,1.78,2.74,70,19,5.40,10,100,15,15),
(490,'Guillermo Moscoso','Guillermo','Moscoso',29,'SFN',30,61,3.90,24.20,16.40,7.80,50,0.2,0.27,53,27,9.60,15,26,2,8),
(491,'Peter Moylan','Peter','Moylan',34,'LAN',15.1,60,4.30,8.60,10.00,8.60,26,0.39,0.54,77,30,8.10,10,17,2,12),
(492,'Edward Mujica','Edward','Mujica',29,'SLN',64.2,55,3.50,18.00,2.00,9.00,38,0.83,1.09,75,21,9.10,9,36,5,14),
(493,'David Murphy','David','Murphy',31,'TEX',1,50,0.00,25.00,0.00,25.00,100,0,0,75,67,0.00,0,0,0,NULL),
(494,'Brett Myers','Brett','Myers',32,'CLE',21.1,54,10.30,12.40,5.20,15.50,52,0.63,1.04,71,21,24.40,15,15,1,7),
(495,'Chris Narveson','Chris','Narveson',31,'MIL',2,38,0.00,0.00,12.50,0.00,0,1,2,88,14,0.00,0,0,0,NULL),
(496,'Joe Nathan','Joe','Nathan',38,'TEX',64.2,47,0.80,29.20,8.80,3.60,25,0.47,0.6,60,25,2.40,20,33,1,3),
(497,'Jimmy Nelson','Jimmy','Nelson',24,'MIL',10,43,0.00,21.60,13.50,2.70,50,0.71,0.83,65,42,0.00,0,3,0,0),
(498,'Pat Neshek','Pat','Neshek',32,'OAK',40.1,66,3.40,16.40,8.50,7.30,33,0.52,0.54,72,23,7.90,13,28,0,0),
(499,'Juan Nicasio','Juan','Nicasio',26,'COL',157.2,52,2.40,16.90,9.10,10.20,43,0.83,1.18,70,24,7.30,16,124,8,6),
(500,'Jon Niese','Jon','Niese',26,'NYN',143,24,1.60,16.90,7.70,6.90,27,1.07,1.52,72,22,5.00,8,123,16,13),
(501,'Hector Noesi','Hector','Noesi',26,'SEA',27.1,52,2.20,15.70,9.00,10.50,33,0.55,0.67,72,31,5.20,9,28,1,4),
(502,'Ricky Nolasco','Ricky','Nolasco',30,'TOT',199.1,46,2.00,19.80,5.50,7.70,33,0.76,1.12,70,26,5.50,9,129,15,12),
(503,'Ricky Nolasco','Ricky','Nolasco',30,'MIA',112.1,44,2.40,19.20,5.30,8.10,34,0.72,1.03,71,25,6.10,9,69,6,9),
(504,'Ricky Nolasco','Ricky','Nolasco',30,'LAN',87,49,1.60,20.50,5.70,7.10,31,0.82,1.26,70,28,4.70,10,60,9,15),
(505,'Sean Nolin','Sean','Nolin',23,'TOR',1.1,27,9.10,0.00,9.10,27.30,43,0.43,3,82,50,14.30,0,5,1,20),
(506,'Bud Norris','Bud','Norris',28,'TOT',176.2,42,2.20,19.00,8.70,8.00,32,0.7,0.87,69,24,6.20,15,149,15,10),
(507,'Bud Norris','Bud','Norris',28,'HOU',126,44,2.00,16.60,8.00,8.00,32,0.67,0.8,72,24,5.50,16,109,11,10),
(508,'Bud Norris','Bud','Norris',28,'BAL',50.2,38,2.60,24.60,10.30,8.20,31,0.78,1.11,61,26,8.20,12,40,4,10),
(509,'Ivan Nova','Ivan','Nova',26,'NYA',139.1,46,1.50,19.80,7.50,5.00,22,1.16,1.56,68,22,5.20,8,120,18,15),
(510,'Vidal Nuno','Vidal','Nuno',25,'NYA',20,23,2.40,11.00,7.30,9.80,50,0.57,0.59,78,18,5.70,17,13,1,8),
(511,'Darren O'Day','Darren','O'Day',30,'BAL',62,63,2.80,23.90,6.10,6.50,34,0.62,0.71,64,19,8.20,16,43,4,9),
(512,'Eric O'Flaherty','Eric','O'Flaherty',28,'ATL',18,31,2.90,15.70,7.10,4.30,25,1.41,1.8,74,15,10.50,14,11,1,9),
(513,'Sean O'Sullivan','Sean','O'Sullivan',25,'SDN',25,53,0.00,10.20,11.90,8.50,32,0.84,0.97,76,21,0.00,14,27,3,11),
(514,'Brett Oberholtzer','Brett','Oberholtzer',23,'HOU',71.2,29,2.40,15.40,4.40,8.50,38,0.56,0.69,77,24,5.60,15,45,3,7),
(515,'Jake Odorizzi','Jake','Odorizzi',23,'TBA',29.2,46,2.50,18.00,6.60,10.70,46,0.53,0.63,71,27,5.90,14,22,3,14),
(516,'Alexi Ogando','Alexi','Ogando',29,'TEX',104.1,45,2.60,16.80,9.60,6.50,32,0.72,0.82,69,22,7.30,15,79,11,14),
(517,'Ross Ohlendorf','Ross','Ohlendorf',30,'WAS',60.1,57,3.20,18.20,5.70,8.90,39,0.62,0.73,71,24,8.80,18,43,3,7),
(518,'Hideki Okajima','Hideki','Okajima',37,'OAK',4,43,4.80,4.80,9.50,19.10,57,0.89,1.75,81,22,12.50,11,3,0,0),
(519,'Darren Oliver','Darren','Oliver',42,'TOR',49,39,2.90,19.60,7.40,8.30,36,0.99,1.5,68,20,9.50,10,43,7,16),
(520,'Edgar Olmos','Edgar','Olmos',23,'MIA',5,38,8.30,8.30,12.50,12.50,43,1,1.6,67,32,22.20,0,3,2,67),
(521,'Brian Omogrosso','Brian','Omogrosso',29,'CHA',16.1,42,2.40,19.10,10.70,14.30,43,0.81,1.46,67,26,6.70,6,18,2,11),
(522,'Logan Ondrusek','Logan','Ondrusek',28,'CIN',55,56,3.40,22.80,6.90,8.60,38,0.9,1.18,65,22,11.10,12,43,3,7),
(523,'Jose Ortega','Jose','Ortega',24,'DET',11.2,52,3.90,19.20,11.50,3.90,20,1,1.27,62,11,13.30,12,5,0,0),
(524,'Joe Ortiz','Joe','Ortiz',22,'TEX',44.2,40,2.70,14.40,5.40,9.60,39,0.73,1.04,76,30,6.50,9,32,3,9),
(525,'Ramon Ortiz','Ramon','Ortiz',40,'TOR',25.1,45,6.00,6.80,9.40,12.00,41,0.75,1.34,76,18,15.20,16,31,7,23),
(526,'Roy Oswalt','Roy','Oswalt',35,'COL',32.1,53,2.00,22.50,6.00,9.30,29,0.67,0.74,68,29,5.80,17,42,1,2),
(527,'Dan Otero','Dan','Otero',28,'OAK',39,48,0.00,17.00,3.80,3.10,12,1.27,1.9,79,21,0.00,15,39,7,18),
(528,'Adam Ottavino','Adam','Ottavino',27,'COL',78.1,58,1.50,23.30,9.30,5.10,23,0.87,1.08,64,21,5.10,14,63,4,6),
(529,'Josh Outman','Josh','Outman',28,'COL',54,53,1.30,22.30,9.70,5.00,21,1.03,1.53,65,21,4.30,8,63,5,8),
(530,'Jonathan Papelbon','Jonathan','Papelbon',32,'PHI',61.2,51,2.40,22.40,4.30,5.10,22,0.71,0.72,70,23,6.60,15,37,3,8),
(531,'Blake Parker','Blake','Parker',28,'CHN',46.1,58,2.10,28.20,7.70,6.20,31,0.42,0.42,61,24,5.50,15,30,2,7),
(532,'Jarrod Parker','Jarrod','Parker',24,'OAK',197,43,3.10,16.40,7.70,7.00,32,0.71,0.93,71,23,8.00,11,139,18,13),
(533,'Bobby Parnell','Bobby','Parnell',28,'NYN',50,59,0.50,22.20,6.10,6.60,34,1.11,1.47,70,24,1.60,6,33,4,12),
(534,'Manny Parra','Manny','Parra',30,'CIN',46,49,2.70,29.80,8.00,7.50,35,0.78,0.93,57,30,8.30,5,28,4,14),
(535,'Curtis Partch','Curtis','Partch',26,'CIN',23.1,59,7.60,15.10,16.00,12.30,77,0.74,1.08,55,20,25.00,16,14,2,14),
(536,'Joe Paterson','Joe','Paterson',27,'ARI',2.1,36,0.00,18.20,0.00,0.00,0,0.5,1.5,55,33,0.00,0,4,1,25),
(537,'Troy Patton','Troy','Patton',27,'BAL',56,46,3.40,17.90,6.80,7.70,32,0.87,1.17,70,18,10.30,14,51,7,14),
(538,'James Paxton','James','Paxton',24,'SEA',24,18,2.10,22.30,7.50,7.50,47,1.44,2,68,23,8.30,11,5,1,20),
(539,'Brad Peacock','Brad','Peacock',25,'HOU',83.1,42,4.10,21.10,10.10,9.90,46,0.63,0.83,64,22,11.50,14,59,5,8),
(540,'Jake Peavy','Jake','Peavy',32,'TOT',144.2,47,3.40,20.50,6.10,8.60,39,0.49,0.57,69,23,8.40,16,95,6,6),
(541,'Jake Peavy','Jake','Peavy',32,'CHA',80,44,4.30,23.50,5.30,9.30,41,0.57,0.62,66,19,11.60,17,56,5,9),
(542,'Jake Peavy','Jake','Peavy',32,'BOS',64.2,51,2.30,16.90,7.10,7.90,38,0.41,0.53,73,28,5.10,16,39,1,3),
(543,'Mike Pelfrey','Mike','Pelfrey',29,'MIN',152.2,45,1.90,14.90,7.80,7.40,27,0.79,1.06,74,22,5.30,15,142,16,11),
(544,'Joel Peralta','Joel','Peralta',37,'TBA',71.1,43,2.40,25.40,11.70,5.80,36,0.35,0.46,60,19,6.50,20,65,5,8),
(545,'Wily Peralta','Wily','Peralta',24,'MIL',183.1,50,2.40,16.10,9.10,5.70,25,1.04,1.39,70,25,7.50,9,158,19,12),
(546,'Chris Perez','Chris','Perez',27,'CLE',54,47,4.50,22.20,8.60,11.50,50,0.76,1.06,61,26,12.80,4,32,1,3),
(547,'Juan Perez','Juan','Perez',34,'TOR',31.2,38,2.30,25.20,11.50,4.60,26,1.48,1.82,60,13,11.10,18,23,3,13),
(548,'Luis Perez','Luis','Perez',28,'TOR',5,48,0.00,28.60,9.50,0.00,0,1.17,2,62,31,0.00,17,2,0,0),
(549,'Martin Perez','Martin','Perez',22,'TEX',124.1,25,2.80,15.90,7.00,7.00,29,0.93,1.26,73,24,8.10,11,95,13,14),
(550,'Oliver Perez','Oliver','Perez',31,'SEA',53,41,2.60,32.30,11.40,7.00,32,0.44,0.62,53,27,8.20,15,54,7,13),
(551,'Glen Perkins','Glen','Perkins',30,'MIN',62.2,25,2.10,32.10,6.30,5.80,33,0.57,0.95,58,25,6.40,13,41,8,20),
(552,'Vinnie Pestano','Vinnie','Pestano',28,'CLE',35.1,48,3.80,23.30,13.20,8.80,38,0.55,0.64,59,21,10.90,15,30,3,10),
(553,'Yusmeiro Petit','Yusmeiro','Petit',28,'SFN',48,61,2.00,24.00,5.60,6.60,28,0.46,0.6,67,30,5.10,15,26,3,12),
(554,'Jake Petricka','Jake','Petricka',25,'CHA',19.1,65,0.00,11.80,11.80,3.50,15,1.7,3.7,74,20,0.00,4,23,4,17),
(555,'Jonathan Pettibone','Jonathan','Pettibone',22,'PHI',100.1,49,2.10,15.10,8.70,7.80,31,1,1.47,71,20,6.50,12,89,12,13),
(556,'Andy Pettitte','Andy','Pettitte',41,'NYA',185.1,23,2.20,16.30,6.10,7.90,31,0.89,1.19,74,22,6.00,11,149,17,11),
(557,'David Phelps','David','Phelps',26,'NYA',86.2,40,2.10,21.00,9.30,7.70,33,0.75,1.02,66,25,5.90,6,81,7,9),
(558,'Zach Phillips','Zach','Phillips',26,'MIA',1.2,45,0.00,9.10,27.30,0.00,0,2,1,55,0,0.00,0,3,0,0),
(559,'Stolmy Pimentel','Stolmy','Pimentel',23,'PIT',9.1,63,0.00,23.70,5.30,2.60,17,0.8,0.58,71,22,0.00,7,7,0,0),
(560,'Drew Pomeranz','Drew','Pomeranz',24,'COL',21.2,25,3.80,18.10,18.10,9.50,40,1.17,2.07,58,20,13.80,3,22,5,23),
(561,'Rick Porcello','Rick','Porcello',24,'DET',177,47,2.50,19.30,5.70,6.50,26,1.24,1.78,72,22,8.00,7,120,20,17),
(562,'Ryan Pressly','Ryan','Pressly',24,'MIN',76.2,52,1.60,15.60,8.60,6.70,30,0.81,1.05,74,22,4.30,10,76,10,13),
(563,'David Price','David','Price',27,'TBA',186.2,23,2.20,20.40,3.70,7.70,32,0.87,1.09,73,24,6.30,14,124,19,15),
(564,'Stephen Pryor','Stephen','Pryor',23,'SEA',7.1,77,0.00,26.90,3.90,0.00,0,0.64,0.5,69,22,0.00,9,3,0,0),
(565,'David Purcey','David','Purcey',31,'CHA',25.1,49,1.80,20.40,15.00,7.10,42,0.71,1.04,60,17,6.50,24,20,4,20),
(566,'Luke Putkonen','Luke','Putkonen',27,'DET',29.2,57,3.20,22.10,7.10,3.20,13,1.38,1.35,66,10,11.40,5,23,3,13),
(567,'Zach Putnam','Zach','Putnam',25,'CHN',3.1,58,5.30,21.10,0.00,15.80,33,1.14,5,74,33,14.30,0,6,0,0),
(568,'J.J. Putz','J.J.','Putz',36,'ARI',34.1,59,2.90,27.10,12.10,7.10,39,1.02,1.42,58,18,10.80,12,22,4,18),
(569,'Chad Qualls','Chad','Qualls',34,'MIA',62,59,1.60,19.40,7.50,4.80,21,1.81,2.58,69,19,7.30,13,47,11,23),
(570,'Jose Quintana','Jose','Quintana',24,'CHA',200,28,2.80,19.70,6.70,7.70,34,0.77,0.93,70,22,8.20,18,131,15,11),
(571,'Ryan Raburn','Ryan','Raburn',32,'CLE',1,67,0.00,33.30,0.00,0.00,NULL,,NULL,67,0,NULL,,0,0,NULL),
(572,'Brooks Raley','Brooks','Raley',25,'CHN',14,41,3.30,23.00,13.10,6.60,36,0.89,1.33,56,24,11.10,5,15,2,13),
(573,'Erasmo Ramirez','Erasmo','Ramirez',23,'SEA',72.1,38,3.70,17.80,8.10,7.20,29,0.78,1.13,69,24,10.10,9,63,7,11),
(574,'J.C. Ramirez','J.C.','Ramirez',24,'PHI',24,60,5.20,13.80,12.90,10.30,40,0.69,0.96,67,21,14.30,14,25,3,12),
(575,'Ramon Ramirez','Ramon','Ramirez',31,'SFN',5.2,52,6.90,0.00,17.20,13.80,44,0.64,1.13,72,21,15.40,7,8,2,25),
(576,'A.J. Ramos','A.J.','Ramos',26,'MIA',80,52,1.20,25.40,12.70,5.30,31,0.63,0.7,60,22,3.50,10,60,2,3),
(577,'Cesar Ramos','Cesar','Ramos',29,'TBA',67.1,40,2.10,18.40,7.60,5.60,24,0.7,0.91,70,25,5.60,13,57,2,4),
(578,'Clay Rapada','Clay','Rapada',32,'CLE',2,67,0.00,0.00,22.20,0.00,0,0.4,0.5,78,29,0.00,20,4,0,0),
(579,'Cory Rasmus','Cory','Rasmus',25,'TOT',21.2,51,5.80,19.40,12.60,12.60,54,0.44,0.55,62,21,13.30,6,19,1,5),
(580,'Cory Rasmus','Cory','Rasmus',25,'ATL',6.2,55,12.90,19.40,9.70,19.40,75,0.31,0.56,58,14,25.00,0,6,1,17),
(581,'Cory Rasmus','Cory','Rasmus',25,'LAA',15,50,2.80,19.40,13.90,9.70,44,0.5,0.55,64,25,6.90,9,13,0,0),
(582,'Jon Rauch','Jon','Rauch',34,'MIA',16.2,55,1.30,18.80,8.80,6.30,22,0.9,1.19,68,25,4.30,21,18,0,0),
(583,'Anthony Recker','Anthony','Recker',29,'NYN',1,60,20.00,0.00,20.00,20.00,100,0,0,60,0,33.30,25,1,0,0),
(584,'Todd Redmond','Todd','Redmond',28,'TOR',77,46,4.00,23.50,7.10,10.50,49,0.44,0.53,63,25,10.40,17,50,3,6),
(585,'Addison Reed','Addison','Reed',24,'CHA',71.1,45,2.00,24.40,7.80,5.10,27,0.5,0.6,64,21,5.80,20,46,1,2),
(586,'Evan Reed','Evan','Reed',27,'DET',23.1,55,1.90,16.20,7.60,6.70,25,1.11,1.26,72,20,5.90,8,17,2,12),
(587,'Ryan Reid','Ryan','Reid',28,'PIT',11,60,2.10,14.90,6.40,6.40,33,1.06,1.36,68,14,7.10,13,7,0,0),
(588,'Chris Resop','Chris','Resop',30,'OAK',18,52,3.50,14.90,11.50,8.10,32,0.72,0.86,68,32,9.70,14,18,2,11),
(589,'Greg Reynolds','Greg','Reynolds',27,'CIN',29.1,53,3.80,9.80,4.50,9.80,35,0.78,1.11,77,26,9.60,12,28,3,11),
(590,'Matt Reynolds','Matt','Reynolds',28,'ARI',27.1,41,1.80,20.70,4.50,7.20,32,0.63,0.97,72,32,4.80,14,15,2,13),
(591,'Scott Rice','Scott','Rice',31,'NYN',51,65,0.50,19.30,12.70,4.20,21,1.72,2.6,65,16,2.40,16,40,7,18),
(592,'Clayton Richard','Clayton','Richard',29,'SDN',52.2,25,5.40,10.00,8.80,12.10,45,1.13,2.07,73,26,15.90,7,43,5,12),
(593,'Garrett Richards','Garrett','Richards',25,'LAA',145,42,1.90,16.30,7.10,5.80,24,1.4,2.11,73,21,6.70,6,121,19,16),
(594,'Andre Rienzo','Andre','Rienzo',24,'CHA',56,34,4.40,15.20,11.20,8.40,38,0.98,1.28,68,19,13.60,11,44,3,7),
(595,'Mariano Rivera','Mariano','Rivera',43,'NYA',64,45,2.30,21.10,3.50,6.30,28,0.89,1.14,73,20,6.90,14,38,3,8),
(596,'Tanner Roark','Tanner','Roark',26,'WAS',53.2,57,0.50,19.60,5.40,1.50,8,0.97,1.16,73,25,1.60,16,42,4,10),
(597,'David Robertson','David','Robertson',28,'NYA',66.1,47,1.90,29.40,6.90,5.00,26,1.04,1.33,60,20,6.90,9,46,3,7),
(598,'Tyler Robertson','Tyler','Robertson',25,'MIN',1,50,25.00,50.00,0.00,25.00,100,1,NULL,25,0,100.00,0,2,0,0),
(599,'Mauricio Robles','Mauricio','Robles',24,'PHI',4.2,32,0.00,24.00,12.00,4.00,14,1,1.67,64,19,0.00,25,4,0,0),
(600,'Fernando Rodney','Fernando','Rodney',36,'TBA',66.2,46,1.00,28.30,12.40,7.20,40,1,1.52,58,24,4.30,18,65,2,3),
(601,'Francisco Rodriguez','Francisco','Rodriguez',31,'TOT',46.2,46,3.60,28.00,7.30,9.30,43,0.62,0.83,59,23,10.40,8,25,2,8),
(602,'Francisco Rodriguez','Francisco','Rodriguez',31,'MIL',24.2,43,2.10,26.80,9.30,4.10,24,0.46,0.53,60,19,5.60,12,15,1,7),
(603,'Francisco Rodriguez','Francisco','Rodriguez',31,'BAL',22,48,5.20,29.20,5.20,14.60,56,0.81,1.38,58,27,16.10,3,10,1,10),
(604,'Henry Rodriguez','Henry','Rodriguez',26,'TOT',22,53,1.80,11.00,18.40,4.60,25,0.85,0.93,67,29,5.60,10,22,1,5),
(605,'Henry Rodriguez','Henry','Rodriguez',26,'WAS',18,49,1.20,12.80,18.60,3.50,21,0.97,0.95,66,26,4.00,14,18,0,0),
(606,'Henry Rodriguez','Henry','Rodriguez',26,'CHN',4,70,4.40,4.40,17.40,8.70,33,0.55,0.83,70,41,9.10,0,4,1,25),
(607,'Paco Rodriguez','Paco','Rodriguez',22,'LAN',54.1,54,2.40,30.30,9.10,3.90,27,0.93,1.43,56,19,11.40,28,43,3,7),
(608,'Wandy Rodriguez','Wandy','Rodriguez',34,'PIT',62.2,25,3.90,17.70,4.60,8.90,40,0.78,0.91,72,17,10.60,15,36,3,8),
(609,'Chaz Roe','Chaz','Roe',26,'ARI',22.1,69,3.20,25.30,13.70,6.30,33,1.33,2.31,56,16,13.60,8,18,3,17),
(610,'Josh Roenicke','Josh','Roenicke',30,'MIN',62,60,2.10,16.00,12.80,8.20,37,0.73,0.84,68,18,6.70,22,48,2,4),
(611,'Esmil Rogers','Esmil','Rogers',27,'TOR',137.2,44,3.50,16.10,7.40,9.20,36,0.92,1.33,72,24,10.10,11,130,20,15),
(612,'Enny Romero','Enny','Romero',22,'TBA',4.2,22,0.00,0.00,22.20,0.00,0,1.8,1.6,78,14,0.00,20,5,1,20),
(613,'Ricky Romero','Ricky','Romero',28,'TOR',7.1,35,5.00,12.50,20.00,5.00,18,0.86,1.83,60,31,15.40,7,14,2,14),
(614,'Sergio Romo','Sergio','Romo',30,'SFN',60.1,56,2.00,23.20,4.80,7.20,34,0.72,0.97,69,25,5.70,16,48,0,0),
(615,'Bruce Rondon','Bruce','Rondon',22,'DET',28.2,56,1.60,24.60,9.00,8.20,36,0.88,1.24,64,25,5.40,12,22,3,14),
(616,'Hector Rondon','Hector','Rondon',25,'CHN',54.2,54,2.50,18.20,10.30,7.40,35,0.82,1.16,66,19,7.60,13,46,3,7),
(617,'Sandy Rosario','Sandy','Rosario',27,'SFN',41.2,64,0.60,13.30,11.10,5.00,24,0.78,0.89,73,31,1.50,11,43,3,7),
(618,'B.J. Rosenberg','B.J.','Rosenberg',27,'PHI',19.2,66,0.00,22.10,10.50,7.00,30,0.58,0.71,66,28,0.00,14,14,3,21),
(619,'Trevor Rosenthal','Trevor','Rosenthal',23,'SLN',75.1,56,1.30,34.70,6.40,5.80,29,0.82,1.19,55,24,5.30,19,59,5,8),
(620,'Robbie Ross','Robbie','Ross',24,'TEX',62.1,38,1.50,21.70,7.10,6.00,25,0.81,1.53,68,31,4.50,13,71,7,10),
(621,'Tyson Ross','Tyson','Ross',26,'SDN',125,51,1.60,23.60,8.70,5.20,26,1.25,1.78,64,19,6.20,10,98,17,17),
(622,'Zac Rosscup','Zac','Rosscup',25,'CHN',6.2,43,3.30,23.30,23.30,6.70,67,0.23,0.18,50,19,11.10,31,5,0,0),
(623,'Michael Roth','Michael','Roth',23,'LAA',20,43,0.00,19.10,6.70,3.40,13,0.7,1.1,71,31,0.00,8,24,1,4),
(624,'Chance Ruffin','Chance','Ruffin',24,'SEA',9.2,55,6.10,30.60,10.20,12.20,43,0.5,1.33,49,37,16.70,0,11,1,9),
(625,'Chris Rusin','Chris','Rusin',26,'CHN',66.1,23,2.80,12.80,8.50,8.20,35,0.98,1.21,74,24,8.10,8,45,4,9),
(626,'James Russell','James','Russell',27,'CHN',52.2,57,3.30,17.30,8.40,10.80,50,0.5,0.53,70,17,8.80,23,30,2,7),
(627,'Hyun-jin Ryu','Hyun-jin','Ryu',26,'LAN',192,26,1.90,19.70,6.30,6.00,26,1.04,1.53,71,22,6.10,12,166,26,16),
(628,'Marc Rzepczynski','Marc','Rzepczynski',27,'TOT',30.2,48,1.60,22.50,7.80,7.00,33,1.27,1.48,64,19,5.70,5,28,3,11),
(629,'Marc Rzepczynski','Marc','Rzepczynski',27,'SLN',10.1,36,2.00,18.00,8.00,8.00,25,1.19,1.2,70,19,6.70,6,16,1,6),
(630,'Marc Rzepczynski','Marc','Rzepczynski',27,'CLE',20.1,56,1.30,25.30,7.60,6.30,46,1.33,1.67,61,18,5.00,5,12,2,17),
(631,'CC Sabathia','CC','Sabathia',32,'NYA',211,23,3.10,19.30,7.20,9.10,37,0.84,1.13,69,21,9.00,12,162,19,12),
(632,'Fernando Salas','Fernando','Salas',28,'SLN',28,63,2.50,18.60,5.10,9.30,41,0.47,0.48,72,17,5.40,5,17,0,0),
(633,'Danny Salazar','Danny','Salazar',23,'CLE',52,45,3.30,30.80,7.10,6.60,32,0.56,0.78,58,27,9.90,13,36,2,6),
(634,'Chris Sale','Chris','Sale',24,'CHA',214.1,19,2.70,26.10,5.30,6.00,28,0.87,1.19,64,22,8.60,12,151,17,11),
(635,'Jeff Samardzija','Jeff','Samardzija',28,'CHN',213.2,53,2.70,23.40,8.50,7.90,34,0.97,1.31,64,23,9.50,13,156,18,12),
(636,'Alex Sanabia','Alex','Sanabia',24,'MIA',55.1,47,4.00,12.40,10.00,11.60,42,0.63,1,71,23,10.00,13,51,12,24),
(637,'Anibal Sanchez','Anibal','Sanchez',29,'DET',182,45,1.20,27.10,7.20,5.80,28,0.86,1.2,64,23,4.10,13,117,10,9),
(638,'Eduardo Sanchez','Eduardo','Sanchez',24,'CHN',6.1,62,3.50,17.20,17.20,6.90,40,0.31,0.3,55,26,9.10,15,8,1,13),
(639,'Jonathan Sanchez','Jonathan','Sanchez',30,'PIT',13.2,24,9.30,20.00,10.70,18.70,56,0.66,1.4,55,26,28.00,14,14,0,0),
(640,'Ervin Santana','Ervin','Santana',30,'KCA',211,44,3.00,18.70,5.90,6.90,31,0.87,1.15,71,23,8.60,11,124,14,11),
(641,'Hector Santiago','Hector','Santiago',25,'CHA',149,31,2.60,20.90,11.00,7.60,37,0.61,0.76,63,20,7.90,18,129,12,9),
(642,'Sergio Santos','Sergio','Santos',29,'TOR',25.2,59,1.10,31.10,4.40,5.60,46,1,1.33,63,14,3.80,10,14,3,21),
(643,'Joe Saunders','Joe','Saunders',32,'SEA',183,21,3.10,13.10,7.40,11.10,39,1.12,1.84,75,24,9.30,11,162,26,16),
(644,'Joe Savery','Joe','Savery',27,'PHI',20,29,1.20,16.30,12.80,4.70,27,1.22,1.65,69,18,4.50,19,16,1,6),
(645,'Rob Scahill','Rob','Scahill',26,'COL',33.1,53,3.40,13.40,6.00,10.70,40,0.88,1.58,72,28,9.30,8,27,4,15),
(646,'Tanner Scheppers','Tanner','Scheppers',26,'TEX',76.2,52,2.00,19.50,8.00,4.30,22,1.04,1.39,68,21,6.70,14,49,12,24),
(647,'Max Scherzer','Max','Scherzer',28,'DET',214.1,41,2.20,28.70,6.70,7.10,39,0.6,0.67,62,19,6.40,15,119,10,8),
(648,'Skip Schumaker','Skip','Schumaker',33,'LAN',2,58,0.00,8.30,25.00,8.30,33,0.6,0.25,67,38,0.00,0,2,0,0),
(649,'Evan Scribner','Evan','Scribner',27,'OAK',26.2,53,2.60,16.70,6.10,12.30,54,0.54,0.65,75,24,6.30,16,10,0,0),
(650,'Bryan Shaw','Bryan','Shaw',25,'CLE',75,53,1.30,23.10,8.90,4.10,22,0.75,0.97,64,24,4.20,17,70,7,10),
(651,'James Shields','James','Shields',31,'KCA',228.2,46,2.10,20.70,7.20,6.10,27,0.74,0.93,69,23,5.90,12,184,22,12),
(652,'Matt Shoemaker','Matt','Shoemaker',26,'LAA',5,32,0.00,26.30,10.50,0.00,0,0.71,1,63,25,0.00,0,4,0,0),
(653,'Kevin Siegrist','Kevin','Siegrist',23,'SLN',39.2,52,0.70,32.90,11.80,3.30,29,0.71,0.7,54,24,2.50,17,28,1,4),
(654,'Alfredo Simon','Alfredo','Simon',32,'CIN',87.2,55,2.20,17.60,7.20,6.40,34,0.86,1.05,69,25,6.40,9,65,4,6),
(655,'Tony Sipp','Tony','Sipp',29,'ARI',37.2,50,3.40,24.00,12.60,9.10,46,0.32,0.41,57,24,9.50,19,32,1,3),
(656,'Tyler Skaggs','Tyler','Skaggs',21,'ARI',38.2,21,4.10,21.20,8.80,9.40,42,0.81,1.08,65,23,13.00,16,27,1,4),
(657,'Kevin Slowey','Kevin','Slowey',29,'MIA',92,51,3.00,19.20,4.60,10.10,38,0.44,0.48,71,25,6.80,12,71,5,7),
(658,'Burch Smith','Burch','Smith',23,'SDN',36.1,52,5.40,27.50,12.60,11.40,49,0.36,0.53,54,32,14.80,16,32,0,0),
(659,'Joe Smith','Joe','Smith',29,'CLE',63,51,1.90,20.90,8.90,4.60,22,1.04,1.32,66,20,6.80,14,48,7,15),
(660,'Will Smith','Will','Smith',23,'KCA',33.1,41,4.60,32.80,5.30,6.90,38,0.76,1,56,18,15.40,13,23,2,9),
(661,'Drew Smyly','Drew','Smyly',24,'DET',76,43,1.30,26.70,5.60,7.90,39,0.77,0.93,66,19,4.10,13,44,6,14),
(662,'Joakim Soria','Joakim','Soria',29,'TEX',23.2,51,2.00,27.70,13.90,3.00,17,1.07,1.26,54,19,10.50,30,20,3,15),
(663,'Rafael Soriano','Rafael','Soriano',33,'WAS',66.2,57,2.50,18.40,6.10,5.40,23,0.51,0.6,73,26,6.10,17,45,3,7),
(664,'Zeke Spruill','Zeke','Spruill',23,'ARI',11.1,49,5.50,16.40,9.10,10.90,35,0.65,0.79,65,23,16.70,22,11,1,9),
(665,'Craig Stammen','Craig','Stammen',29,'WAS',81.2,61,1.20,23.30,8.00,5.90,26,1.48,1.95,65,17,4.90,9,60,8,13),
(666,'Daniel Stange','Daniel','Stange',27,'LAA',1.2,33,11.10,11.10,22.20,11.10,50,0.5,1,56,17,25.00,0,3,0,0),
(667,'Tim Stauffer','Tim','Stauffer',31,'SDN',69.2,52,2.50,22.50,7.00,5.30,25,1.02,1.49,65,25,8.80,14,59,4,7),
(668,'Josh Stinson','Josh','Stinson',25,'BAL',17,63,6.40,19.10,4.80,7.90,50,0.88,1.44,68,19,16.70,4,9,2,22),
(669,'Drew Storen','Drew','Storen',25,'WAS',61.2,58,2.60,21.70,7.10,6.70,28,0.72,0.94,67,23,7.60,12,53,8,15),
(670,'Mickey Storey','Mickey','Storey',27,'TOR',4,53,0.00,31.60,5.30,15.80,50,0.33,0.5,63,33,0.00,0,4,0,0),
(671,'Dan Straily','Dan','Straily',24,'OAK',152.1,47,2.50,19.40,8.90,6.10,30,0.61,0.66,68,22,7.00,18,111,8,7),
(672,'Stephen Strasburg','Stephen','Strasburg',24,'WAS',183,53,2.20,26.10,7.70,4.50,24,1.05,1.35,62,21,7.90,11,129,21,16),
(673,'Huston Street','Huston','Street',29,'SDN',56.2,50,5.40,20.70,6.30,9.50,48,0.46,0.63,68,25,13.00,16,28,2,7),
(674,'Pedro Strop','Pedro','Strop',28,'TOT',57.1,57,2.00,26.00,10.20,7.50,42,0.97,1.61,56,26,7.60,10,47,3,6),
(675,'Pedro Strop','Pedro','Strop',28,'BAL',22.1,59,3.60,21.60,13.50,9.90,48,0.94,1.59,55,28,12.50,3,16,1,6),
(676,'Pedro Strop','Pedro','Strop',28,'CHN',35,57,0.70,29.40,7.70,5.60,36,1,1.63,57,26,2.90,15,31,2,6),
(677,'Eric Stults','Eric','Stults',33,'SDN',203.2,23,2.10,15.30,4.70,8.60,34,0.69,0.88,77,24,5.30,14,166,16,10),
(678,'Michael Stutes','Michael','Stutes',26,'PHI',17.2,60,1.30,12.00,10.70,6.70,36,0.69,0.59,75,14,4.30,28,15,1,7),
(679,'Eric Surkamp','Eric','Surkamp',25,'SFN',2.2,44,11.10,0.00,0.00,16.70,33,0.23,0.14,78,38,18.20,15,2,0,0),
(680,'Anthony Swarzak','Anthony','Swarzak',27,'MIN',96,52,1.80,17.80,5.70,5.40,24,0.83,1.03,74,21,4.80,9,69,9,13),
(681,'Hisanori Takahashi','Hisanori','Takahashi',38,'CHN',3,36,7.10,21.40,14.30,7.10,33,0.5,1,57,22,16.70,0,3,0,0),
(682,'Junichi Tazawa','Junichi','Tazawa',27,'BOS',68.1,55,3.20,25.40,4.20,9.20,37,0.51,0.7,66,32,7.90,12,49,2,4),
(683,'Everett Teaford','Everett','Teaford',29,'KCA',0.2,67,0.00,0.00,0.00,0.00,0,0,0,100,33,0.00,0,1,0,0),
(684,'Julio Teheran','Julio','Teheran',22,'ATL',185.2,51,2.80,22.00,5.80,7.40,33,0.62,0.82,67,22,8.00,17,128,6,5),
(685,'Nick Tepesch','Nick','Tepesch',24,'TEX',93,43,3.00,18.70,6.60,8.10,33,0.88,1.38,70,28,8.60,11,83,7,8),
(686,'Joe Thatcher','Joe','Thatcher',31,'TOT',39.1,59,2.40,22.00,6.10,5.50,23,0.57,0.91,68,25,6.20,10,33,5,15),
(687,'Joe Thatcher','Joe','Thatcher',31,'SDN',30,58,2.50,24.00,3.30,5.80,25,0.73,1.03,69,21,6.70,8,23,2,9),
(688,'Joe Thatcher','Joe','Thatcher',31,'ARI',9.1,63,2.30,16.30,14.00,4.70,17,0.22,0.62,65,37,5.00,13,10,3,30),
(689,'Dale Thayer','Dale','Thayer',32,'SDN',65,53,3.00,23.70,8.20,5.90,27,0.69,0.88,63,23,8.60,11,60,6,10),
(690,'Caleb Thielbar','Caleb','Thielbar',26,'MIN',46,48,2.30,22.80,8.20,8.20,58,0.36,0.43,67,22,5.90,20,29,2,7),
(691,'Tyler Thornburg','Tyler','Thornburg',24,'MIL',66.2,48,0.40,17.80,9.60,3.00,15,0.58,0.61,70,25,1.00,13,49,5,10),
(692,'Matt Thornton','Matt','Thornton',36,'TOT',43.1,48,2.10,16.00,8.00,4.80,19,1,1.61,71,19,7.00,16,44,6,14),
(693,'Matt Thornton','Matt','Thornton',36,'CHA',28,49,3.50,18.10,8.60,6.90,32,0.76,1.14,66,17,11.10,22,29,4,14),
(694,'Matt Thornton','Matt','Thornton',36,'BOS',15.1,45,0.00,12.70,7.00,1.40,5,1.5,3.11,77,21,0.00,5,15,2,13),
(695,'Chris Tillman','Chris','Tillman',25,'BAL',206.1,42,3.90,21.20,8.10,8.60,40,0.65,0.87,66,22,10.70,12,131,14,11),
(696,'Shawn Tolleson','Shawn','Tolleson',25,'LAN',0,100,0.00,0.00,100.00,0.00,NULL,,NULL,0,NULL,,NULL,2,0,0),
(697,'Josh Tomlin','Josh','Tomlin',28,'CLE',2,67,0.00,0.00,0.00,0.00,0,0.6,0.5,89,0,0.00,60,5,0,0),
(698,'Michael Tonkin','Michael','Tonkin',23,'MIN',11.1,40,0.00,21.30,6.40,6.40,33,0.75,0.6,72,21,0.00,20,7,1,14),
(699,'Alex Torres','Alex','Torres',25,'TBA',58,39,0.40,27.40,8.90,4.90,34,0.76,1.07,62,23,1.50,12,44,3,7),
(700,'Carlos Torres','Carlos','Torres',30,'NYN',86.1,61,4.30,21.30,4.80,7.40,33,0.79,1.16,67,22,11.70,9,59,5,8),
(701,'Ramon Troncoso','Ramon','Troncoso',30,'CHA',30,55,2.90,13.10,11.70,6.60,30,1.04,1.37,70,22,9.80,15,25,2,8),
(702,'Jacob Turner','Jacob','Turner',22,'MIA',118,54,2.10,15.00,10.50,7.40,33,0.89,1.2,70,25,6.10,9,78,8,10),
(703,'Koji Uehara','Koji','Uehara',38,'BOS',74.1,48,1.90,38.10,3.40,6.00,49,0.68,0.83,56,14,7.70,28,21,1,5),
(704,'Raul Valdes','Raul','Valdes',35,'PHI',35,34,4.60,24.30,5.30,13.20,48,0.45,0.56,64,27,11.70,15,30,2,7),
(705,'Jose Valverde','Jose','Valverde',35,'DET',19.1,43,7.10,22.60,7.10,8.30,39,0.68,0.86,61,16,22.20,21,16,1,6),
(706,'Jason Vargas','Jason','Vargas',30,'LAA',150,27,2.60,16.90,7.10,7.90,32,0.7,0.9,72,23,7.10,15,124,14,11),
(707,'Anthony Varvaro','Anthony','Varvaro',28,'ATL',73.1,57,1.00,14.10,8.20,5.90,27,0.91,1.21,76,27,2.70,9,55,7,13),
(708,'Donnie Veal','Donnie','Veal',28,'CHA',29.1,62,2.40,23.00,12.70,5.60,27,1.11,1.36,62,17,9.10,11,24,5,21),
(709,'Yordano Ventura','Yordano','Ventura',22,'KCA',15.1,27,4.70,17.20,9.40,6.30,31,1.04,1.33,69,13,15.80,17,8,4,50),
(710,'Jose Veras','Jose','Veras',32,'TOT',62.2,48,2.40,23.60,8.70,5.90,33,0.73,0.76,63,16,8.30,24,48,4,8),
(711,'Jose Veras','Jose','Veras',32,'HOU',43,50,2.40,26.00,8.30,5.30,31,0.81,0.95,61,18,9.10,24,35,4,11),
(712,'Jose Veras','Jose','Veras',32,'DET',19.2,45,2.40,18.80,9.40,7.10,38,0.59,0.48,67,13,7.10,24,13,0,0),
(713,'Justin Verlander','Justin','Verlander',30,'DET',218.1,41,2.10,23.50,8.10,6.60,29,0.64,0.76,66,24,6.00,16,163,15,9),
(714,'Carlos Villanueva','Carlos','Villanueva',29,'CHN',128.2,57,2.70,19.70,7.60,9.20,41,0.71,1,68,24,7.00,8,87,11,13),
(715,'Brayan Villarreal','Brayan','Villarreal',26,'TOT',4.1,69,3.50,20.70,31.00,17.20,63,0.86,0.75,41,14,14.30,0,8,1,13),
(716,'Brayan Villarreal','Brayan','Villarreal',26,'DET',4.1,68,3.60,21.40,28.60,17.90,63,0.86,0.75,43,14,14.30,0,8,1,13),
(717,'Brayan Villarreal','Brayan','Villarreal',26,'BOS',0,100,0.00,0.00,100.00,0.00,NULL,,NULL,0,NULL,,NULL,0,0,NULL),
(718,'Pedro Villarreal','Pedro','Villarreal',25,'CIN',5.2,53,12.50,12.50,9.40,15.60,39,0.39,1.17,66,40,25.00,11,6,1,17),
(719,'Nick Vincent','Nick','Vincent',26,'SDN',46.1,54,0.60,27.20,6.10,3.90,21,0.74,1.07,63,25,1.90,17,28,2,7),
(720,'Ryan Vogelsong','Ryan','Vogelsong',35,'SFN',103.2,55,3.20,14.40,8.10,8.60,32,0.7,0.97,72,30,8.20,11,86,8,9),
(721,'Edinson Volquez','Edinson','Volquez',29,'TOT',170.1,49,2.50,18.30,9.90,8.90,36,0.91,1.36,68,26,7.30,7,148,7,5),
(722,'Edinson Volquez','Edinson','Volquez',29,'SDN',142.1,49,2.10,17.60,10.50,9.00,35,0.92,1.34,68,25,6.40,8,133,6,5),
(723,'Edinson Volquez','Edinson','Volquez',29,'LAN',28,51,4.20,22.00,6.80,8.50,40,0.86,1.46,65,29,11.90,5,15,1,7),
(724,'Chris Volstad','Chris','Volstad',26,'COL',8.1,45,2.10,6.40,2.10,19.20,47,0.71,1.44,85,34,4.30,4,4,0,0),
(725,'Michael Wacha','Michael','Wacha',21,'SLN',64.2,51,1.90,25.00,7.30,5.80,29,0.83,0.87,65,24,6.00,13,46,6,13),
(726,'Neil Wagner','Neil','Wagner',29,'TOR',38,57,3.10,20.50,8.10,6.80,28,0.85,1.22,66,24,10.00,17,29,6,21),
(727,'Adam Wainwright','Adam','Wainwright',31,'SLN',241.2,50,1.60,22.90,3.70,6.80,29,0.97,1.54,70,27,5.00,12,149,32,21),
(728,'Jordan Walden','Jordan','Walden',25,'ATL',47,53,2.10,28.00,7.30,5.70,28,0.47,0.51,62,23,5.70,16,19,2,11),
(729,'Taijuan Walker','Taijuan','Walker',20,'SEA',15,35,0.00,20.00,6.70,8.30,46,0.59,0.68,73,23,0.00,26,6,0,0),
(730,'Josh Wall','Josh','Wall',26,'LAN',7,61,4.60,15.90,13.60,15.90,41,0.71,0.75,61,23,12.50,6,13,0,0),
(731,'P.J. Walters','P.J.','Walters',28,'MIN',39.1,51,2.70,12.00,9.80,9.80,35,0.72,0.92,75,21,6.80,11,33,6,18),
(732,'Chien-Ming Wang','Chien-Ming','Wang',33,'TOR',27,50,4.10,11.40,7.30,10.60,33,1.44,1.95,77,19,12.50,2,27,3,11),
(733,'Adam Warren','Adam','Warren',25,'NYA',77,48,3.00,19.30,9.10,8.20,34,0.88,1.16,68,23,8.90,10,66,10,15),
(734,'Tony Watson','Tony','Watson',28,'PIT',71.2,38,1.80,19.30,4.30,5.40,29,0.79,0.98,71,23,5.20,13,37,4,11),
(735,'Jered Weaver','Jered','Weaver',30,'LAA',154.1,38,2.70,18.50,5.80,7.90,36,0.45,0.59,72,24,6.50,19,100,12,12),
(736,'Daniel Webb','Daniel','Webb',23,'CHA',11.1,48,0.00,21.70,8.70,0.00,0,1.29,1.18,70,19,0.00,7,10,1,10),
(737,'Ryan Webb','Ryan','Webb',27,'MIA',80.1,58,1.50,16.30,8.10,6.90,33,1.31,1.72,70,18,5.80,17,68,9,13),
(738,'Thad Weber','Thad','Weber',28,'TOT',15,62,3.30,16.40,13.10,8.20,42,1.26,1.83,67,19,11.10,5,9,3,33),
(739,'Thad Weber','Thad','Weber',28,'SDN',9,71,2.90,17.10,14.30,5.70,40,1.4,1.5,66,17,10.00,0,4,1,25),
(740,'Thad Weber','Thad','Weber',28,'TOR',6,50,3.90,15.40,11.50,11.50,43,1.11,2.5,69,21,12.50,11,5,2,40),
(741,'Allen Webster','Allen','Webster',23,'BOS',30.1,46,4.80,15.90,12.40,9.00,35,0.79,0.94,66,20,14.30,14,40,1,3),
(742,'Duke Welker','Duke','Welker',27,'PIT',1.1,50,0.00,25.00,0.00,0.00,NULL,0.5,0.5,75,0,0.00,0,0,0,NULL),
(743,'Casper Wells','Casper','Wells',28,'TOT',1.2,42,0.00,8.30,33.30,8.30,33,0.4,0.33,58,43,0.00,20,1,0,0),
(744,'Casper Wells','Casper','Wells',28,'CHA',1,50,0.00,25.00,25.00,0.00,NULL,0,0,50,0,0.00,50,1,0,0),
(745,'Casper Wells','Casper','Wells',28,'PHI',0.2,38,0.00,0.00,37.50,12.50,33,0.67,1,63,60,0.00,0,0,0,NULL),
(746,'Jake Westbrook','Jake','Westbrook',35,'SLN',116.2,53,1.30,8.40,9.60,5.90,24,1.34,1.93,77,24,4.30,7,118,20,17),
(747,'Zack Wheeler','Zack','Wheeler',23,'NYN',100,54,2.30,19.50,10.70,5.80,28,0.79,1.13,66,22,7.40,17,81,8,10),
(748,'Tom Wilhelmsen','Tom','Wilhelmsen',29,'SEA',59,50,0.80,17.90,13.20,4.00,22,0.75,0.89,67,24,2.30,8,48,4,8),
(749,'Jerome Williams','Jerome','Williams',31,'LAA',169.1,45,3.20,14.70,7.60,8.70,35,0.9,1.25,74,25,8.80,10,137,13,9),
(750,'Alex Wilson','Alex','Wilson',26,'BOS',27.2,47,0.00,17.30,11.00,8.70,32,0.44,0.94,71,32,0.00,13,31,6,19),
(751,'Brian Wilson','Brian','Wilson',31,'LAN',13.2,73,0.00,26.50,8.20,4.10,25,1.29,1.55,65,22,0.00,29,11,3,27),
(752,'C.J. Wilson','C.J.','Wilson',32,'LAA',212.1,22,1.60,20.60,9.30,6.60,30,0.81,1.04,67,23,4.90,10,163,16,10),
(753,'Justin Wilson','Justin','Wilson',25,'PIT',73.2,32,1.40,20.00,9.50,3.70,22,1.15,1.45,67,19,5.20,17,47,8,17),
(754,'Chris Withrow','Chris','Withrow',24,'LAN',34.2,64,3.70,32.10,9.70,3.70,25,0.59,0.76,54,26,12.20,16,18,3,17),
(755,'Ross Wolf','Ross','Wolf',30,'TEX',47.2,43,2.40,10.10,7.30,6.80,24,0.99,1.31,80,23,6.60,11,56,10,18),
(756,'Alex Wood','Alex','Wood',22,'ATL',77.2,30,0.90,23.60,8.30,5.50,24,0.96,1.48,65,25,3.10,12,69,8,12),
(757,'Blake Wood','Blake','Wood',27,'CLE',1.1,50,0.00,12.50,37.50,0.00,0,1,0.5,50,25,0.00,0,3,0,0),
(758,'Travis Wood','Travis','Wood',26,'CHN',200,24,2.20,17.50,8.00,6.90,35,0.51,0.64,70,25,5.60,17,117,15,13),
(759,'Rob Wooten','Rob','Wooten',27,'MIL',27.2,53,0.90,15.70,7.00,6.10,26,0.78,1.06,75,24,2.60,20,29,4,14),
(760,'Brandon Workman','Brandon','Workman',24,'BOS',41.2,43,2.80,26.10,8.30,7.20,30,0.68,0.83,62,21,8.30,13,33,1,3),
(761,'Vance Worley','Vance','Worley',25,'MIN',48.2,46,3.90,10.70,6.40,10.30,29,0.9,1.38,78,23,10.60,15,66,9,14),
(762,'Jamey Wright','Jamey','Wright',38,'TBA',70,40,1.40,22.60,8.00,5.20,25,1.05,1.46,65,21,4.60,6,49,5,10),
(763,'Steven Wright','Steven','Wright',28,'BOS',13.1,25,0.00,17.00,15.30,3.40,17,0.63,1,66,28,0.00,8,15,3,20),
(764,'Wesley Wright','Wesley','Wright',28,'TOT',53.2,53,3.00,23.70,8.20,9.50,41,1.1,1.92,63,21,10.10,5,41,4,10),
(765,'Wesley Wright','Wesley','Wright',28,'HOU',41.1,52,2.70,21.70,8.70,9.20,38,0.98,1.59,65,21,8.60,6,37,3,8),
(766,'Wesley Wright','Wesley','Wright',28,'TBA',12.1,58,4.20,31.30,6.30,10.40,56,1.73,4.5,58,20,18.20,0,4,1,25),
(767,'Mike Zagurski','Mike','Zagurski',30,'TOT',6.1,38,2.50,12.50,20.00,5.00,18,1.09,1.33,58,16,10.00,9,11,0,0),
(768,'Mike Zagurski','Mike','Zagurski',30,'PIT',6,35,2.70,13.50,21.60,5.40,20,1.33,1.6,57,13,12.50,11,11,0,0),
(769,'Mike Zagurski','Mike','Zagurski',30,'NYA',0.1,67,0.00,0.00,0.00,0.00,0,0,0,67,50,0.00,0,0,0,NULL),
(770,'Josh Zeid','Josh','Zeid',26,'HOU',27.2,56,2.50,20.30,10.20,5.90,27,1.03,1.19,65,25,8.10,5,18,3,17),
(771,'Brad Ziegler','Brad','Ziegler',33,'ARI',73,54,1.00,14.80,7.40,4.70,23,2.43,3.17,75,19,5.00,8,58,8,14),
(772,'Jordan Zimmermann','Jordan','Zimmermann',27,'WAS',213.1,48,2.20,18.60,4.60,8.10,37,0.92,1.36,73,23,6.70,15,122,18,15),
(773,'Barry Zito','Barry','Zito',35,'SFN',133.1,22,3.10,14.10,8.90,9.10,32,0.58,0.79,72,30,7.50,12,124,15,12)